"Date","Price","Open","High","Low","Vol.","Change %"
"Nov 01, 2018","3.288","3.271","3.292","3.265","-","0.83%"
"Oct 31, 2018","3.261","3.210","3.294","3.207","-","2.32%"
"Oct 30, 2018","3.187","3.184","3.281","3.166","146.79K","0.06%"
"Oct 29, 2018","3.185","3.139","3.199","3.100","10.67K","0.00%"
"Oct 26, 2018","3.185","3.169","3.203","3.102","64.45K","-0.53%"
"Oct 25, 2018","3.202","3.185","3.233","3.153","63.88K","1.14%"
"Oct 24, 2018","3.166","3.216","3.250","3.159","113.61K","-1.43%"
"Oct 23, 2018","3.212","3.134","3.240","3.111","178.75K","2.36%"
"Oct 22, 2018","3.138","3.227","3.247","3.126","172.06K","-3.45%"
"Oct 19, 2018","3.250","3.226","3.258","3.155","142.39K","1.63%"
"Oct 18, 2018","3.198","3.319","3.323","3.193","183.52K","-3.67%"
"Oct 17, 2018","3.320","3.253","3.340","3.240","157.40K","2.50%"
"Oct 16, 2018","3.239","3.258","3.311","3.210","132.49K","-0.09%"
"Oct 15, 2018","3.242","3.224","3.273","3.177","159.11K","2.56%"
"Oct 12, 2018","3.161","3.234","3.270","3.138","176.42K","-1.89%"
"Oct 11, 2018","3.222","3.276","3.287","3.153","264.68K","-1.89%"
"Oct 10, 2018","3.284","3.306","3.358","3.251","236.73K","0.55%"
"Oct 09, 2018","3.266","3.281","3.368","3.237","287.65K","-0.03%"
"Oct 08, 2018","3.267","3.182","3.294","3.174","233.74K","3.95%"
"Oct 05, 2018","3.143","3.189","3.224","3.109","199.27K","-0.70%"
"Oct 04, 2018","3.165","3.238","3.250","3.129","242.16K","-2.01%"
"Oct 03, 2018","3.230","3.164","3.261","3.155","207.04K","2.02%"
"Oct 02, 2018","3.166","3.114","3.194","3.109","239.37K","2.33%"
"Oct 01, 2018","3.094","3.007","3.117","3.001","202.84K","2.86%"
"Sep 28, 2018","3.008","3.057","3.062","2.977","166.73K","-1.57%"
"Sep 27, 2018","3.056","2.972","3.111","2.963","250.44K","1.16%"
"Sep 26, 2018","3.021","3.079","3.088","2.981","12.69K","-1.98%"
"Sep 25, 2018","3.082","3.043","3.087","3.020","62.95K","1.45%"
"Sep 24, 2018","3.038","2.973","3.048","2.951","80.66K","2.05%"
"Sep 21, 2018","2.977","2.962","2.989","2.938","118.89K","0.03%"
"Sep 20, 2018","2.976","2.904","2.991","2.886","192.07K","2.34%"
"Sep 19, 2018","2.908","2.926","2.948","2.898","148.13K","-0.85%"
"Sep 18, 2018","2.933","2.814","2.937","2.811","238.59K","4.23%"
"Sep 17, 2018","2.814","2.774","2.830","2.772","174.82K","1.70%"
"Sep 14, 2018","2.767","2.810","2.814","2.762","151.71K","-1.77%"
"Sep 13, 2018","2.817","2.824","2.856","2.805","143.26K","-0.42%"
"Sep 12, 2018","2.829","2.828","2.869","2.818","156.79K","0.04%"
"Sep 11, 2018","2.828","2.807","2.836","2.785","135.67K","0.86%"
"Sep 10, 2018","2.804","2.770","2.814","2.752","160.40K","1.01%"
"Sep 07, 2018","2.776","2.777","2.785","2.759","112.50K","0.14%"
"Sep 06, 2018","2.772","2.793","2.797","2.765","141.04K","-0.82%"
"Sep 05, 2018","2.795","2.815","2.843","2.786","138.64K","-0.99%"
"Sep 04, 2018","2.823","2.900","2.904","2.812","217.01K","-1.47%"
"Sep 03, 2018","2.865","2.896","2.896","2.820","-","-1.10%"
"Sep 02, 2018","2.897","2.901","2.902","2.882","-","4.13%"
"Aug 31, 2018","2.782","2.920","2.927","2.704","2.26M","-3.20%"
"Aug 30, 2018","2.874","2.875","2.890","2.841","116.91K","-0.73%"
"Aug 29, 2018","2.895","2.857","2.905","2.843","7.57K","1.51%"
"Aug 28, 2018","2.852","2.876","2.883","2.845","41.93K","-0.83%"
"Aug 27, 2018","2.876","2.908","2.915","2.874","61.68K","-1.41%"
"Aug 24, 2018","2.917","2.972","2.979","2.911","101.42K","-1.59%"
"Aug 23, 2018","2.964","2.958","2.982","2.935","106.84K","0.27%"
"Aug 22, 2018","2.956","2.991","2.993","2.953","96.25K","-0.81%"
"Aug 21, 2018","2.980","2.953","2.991","2.953","112.32K","1.33%"
"Aug 20, 2018","2.941","2.940","2.954","2.903","123.49K","-0.17%"
"Aug 17, 2018","2.946","2.908","2.968","2.908","119.42K","1.31%"
"Aug 16, 2018","2.908","2.939","2.949","2.891","125.46K","-1.09%"
"Aug 15, 2018","2.940","2.952","2.963","2.930","93.17K","-0.64%"
"Aug 14, 2018","2.959","2.926","2.974","2.922","123.29K","0.99%"
"Aug 13, 2018","2.930","2.936","2.946","2.897","126.59K","-0.48%"
"Aug 10, 2018","2.944","2.946","2.955","2.917","140.74K","-0.37%"
"Aug 09, 2018","2.955","2.943","2.959","2.930","177.24K","0.20%"
"Aug 08, 2018","2.949","2.893","2.951","2.884","195.74K","1.79%"
"Aug 07, 2018","2.897","2.861","2.900","2.857","153.53K","1.29%"
"Aug 06, 2018","2.860","2.851","2.865","2.822","99.79K","0.25%"
"Aug 03, 2018","2.853","2.819","2.862","2.814","150.12K","1.31%"
"Aug 02, 2018","2.816","2.745","2.828","2.740","176.00K","2.10%"
"Aug 01, 2018","2.758","2.780","2.788","2.744","118.79K","-0.86%"
"Jul 31, 2018","2.782","2.801","2.831","2.772","154.92K","-0.54%"
"Jul 30, 2018","2.797","2.794","2.814","2.766","124.25K","-0.89%"
"Jul 27, 2018","2.822","2.775","2.831","2.769","6.92K","1.51%"
"Jul 26, 2018","2.780","2.777","2.799","2.769","44.27K","0.18%"
"Jul 25, 2018","2.775","2.739","2.780","2.735","45.44K","1.57%"
"Jul 24, 2018","2.732","2.723","2.744","2.710","78.52K","0.40%"
"Jul 23, 2018","2.721","2.737","2.741","2.713","109.97K","-1.31%"
"Jul 20, 2018","2.757","2.767","2.784","2.754","92.13K","-0.43%"
"Jul 19, 2018","2.769","2.731","2.776","2.704","134.44K","1.76%"
"Jul 18, 2018","2.721","2.744","2.754","2.720","111.41K","-0.69%"
"Jul 17, 2018","2.740","2.768","2.788","2.731","109.35K","-0.69%"
"Jul 16, 2018","2.759","2.765","2.778","2.735","110.05K","0.25%"
"Jul 13, 2018","2.752","2.802","2.812","2.750","134.29K","-1.61%"
"Jul 12, 2018","2.797","2.822","2.827","2.789","114.89K","-1.13%"
"Jul 11, 2018","2.829","2.787","2.832","2.780","111.02K","1.47%"
"Jul 10, 2018","2.788","2.829","2.835","2.782","127.27K","-1.41%"
"Jul 09, 2018","2.828","2.839","2.865","2.817","126.58K","-1.05%"
"Jul 06, 2018","2.858","2.830","2.862","2.824","105.97K","0.74%"
"Jul 05, 2018","2.837","2.858","2.894","2.822","129.00K","-0.14%"
"Jul 04, 2018","2.841","2.849","2.893","2.822","-","-1.01%"
"Jul 03, 2018","2.870","2.861","2.903","2.852","121.58K","0.28%"
"Jul 02, 2018","2.862","2.920","2.927","2.852","165.52K","-2.12%"
"Jun 29, 2018","2.924","2.951","2.954","2.910","116.42K","-0.54%"
"Jun 28, 2018","2.940","2.988","3.021","2.930","157.12K","-1.87%"
"Jun 27, 2018","2.996","2.954","3.007","2.950","10.06K","1.94%"
"Jun 26, 2018","2.939","2.931","2.955","2.907","39.90K","0.55%"
"Jun 25, 2018","2.923","2.926","2.943","2.897","54.24K","-0.75%"
"Jun 22, 2018","2.945","2.982","2.991","2.926","101.30K","-1.01%"
"Jun 21, 2018","2.975","2.966","3.012","2.947","129.67K","0.37%"
"Jun 20, 2018","2.964","2.918","2.969","2.912","141.78K","2.21%"
"Jun 19, 2018","2.900","2.952","2.955","2.887","148.89K","-1.73%"
"Jun 18, 2018","2.951","3.051","3.053","2.945","164.89K","-2.35%"
"Jun 15, 2018","3.022","2.966","3.034","2.966","169.69K","1.92%"
"Jun 14, 2018","2.965","2.958","2.976","2.930","128.82K","0.07%"
"Jun 13, 2018","2.963","2.941","2.979","2.916","163.50K","0.82%"
"Jun 12, 2018","2.939","2.954","2.988","2.917","170.25K","-0.34%"
"Jun 11, 2018","2.949","2.927","2.966","2.912","192.02K","2.04%"
"Jun 08, 2018","2.890","2.934","2.936","2.875","158.58K","-1.37%"
"Jun 07, 2018","2.930","2.900","2.987","2.896","213.15K","1.17%"
"Jun 06, 2018","2.896","2.888","2.912","2.873","106.07K","0.21%"
"Jun 05, 2018","2.890","2.920","2.931","2.874","122.19K","-1.37%"
"Jun 04, 2018","2.930","2.974","2.980","2.923","100.05K","-1.08%"
"Jun 01, 2018","2.962","2.951","2.983","2.932","90.94K","0.34%"
"May 31, 2018","2.952","2.891","2.988","2.887","192.34K","2.32%"
"May 30, 2018","2.885","2.901","2.906","2.867","103.50K","0.35%"
"May 29, 2018","2.875","2.946","2.968","2.838","11.20K","-3.36%"
"May 28, 2018","2.975","2.964","3.001","2.940","-","1.22%"
"May 25, 2018","2.939","2.931","2.964","2.912","77.03K","-0.03%"
"May 24, 2018","2.940","2.924","2.941","2.904","66.35K","0.89%"
"May 23, 2018","2.914","2.902","2.939","2.898","111.80K","0.21%"
"May 22, 2018","2.908","2.827","2.917","2.816","181.13K","3.49%"
"May 21, 2018","2.810","2.826","2.847","2.806","127.05K","-1.30%"
"May 18, 2018","2.847","2.853","2.870","2.832","110.78K","-0.42%"
"May 17, 2018","2.859","2.817","2.862","2.780","182.97K","1.56%"
"May 16, 2018","2.815","2.827","2.844","2.809","105.94K","-0.74%"
"May 15, 2018","2.836","2.834","2.864","2.824","107.09K","-0.21%"
"May 14, 2018","2.842","2.825","2.847","2.798","130.61K","1.28%"
"May 11, 2018","2.806","2.808","2.820","2.793","119.50K","-0.28%"
"May 10, 2018","2.814","2.736","2.820","2.709","242.96K","2.81%"
"May 09, 2018","2.737","2.739","2.759","2.725","117.17K","0.18%"
"May 08, 2018","2.732","2.736","2.773","2.706","153.61K","-0.33%"
"May 07, 2018","2.741","2.710","2.770","2.695","160.12K","1.11%"
"May 04, 2018","2.711","2.731","2.742","2.702","113.28K","-0.55%"
"May 03, 2018","2.726","2.759","2.773","2.700","161.67K","-1.02%"
"May 02, 2018","2.754","2.805","2.811","2.745","126.75K","-1.71%"
"May 01, 2018","2.802","2.764","2.820","2.759","166.92K","1.41%"
"Apr 30, 2018","2.763","2.763","2.778","2.728","128.25K","-0.29%"
"Apr 27, 2018","2.771","2.826","2.834","2.768","129.33K","-1.77%"
"Apr 26, 2018","2.821","2.787","2.839","2.779","9.92K","1.26%"
"Apr 25, 2018","2.786","2.782","2.798","2.755","57.67K","0.18%"
"Apr 24, 2018","2.781","2.745","2.789","2.728","63.43K","1.50%"
"Apr 23, 2018","2.740","2.745","2.757","2.706","110.25K","0.04%"
"Apr 20, 2018","2.739","2.675","2.746","2.658","162.64K","2.97%"
"Apr 19, 2018","2.660","2.744","2.751","2.658","233.75K","-2.88%"
"Apr 18, 2018","2.739","2.741","2.790","2.734","128.92K","0.04%"
"Apr 17, 2018","2.738","2.747","2.761","2.711","94.02K","-0.51%"
"Apr 16, 2018","2.752","2.753","2.779","2.739","116.45K","0.62%"
"Apr 13, 2018","2.735","2.689","2.760","2.674","167.24K","1.82%"
"Apr 12, 2018","2.686","2.675","2.700","2.647","179.51K","0.41%"
"Apr 11, 2018","2.675","2.661","2.690","2.621","180.07K","0.72%"
"Apr 10, 2018","2.656","2.699","2.726","2.643","219.23K","-1.37%"
"Apr 09, 2018","2.693","2.679","2.704","2.640","220.80K","-0.30%"
"Apr 06, 2018","2.701","2.680","2.717","2.675","135.39K","0.97%"
"Apr 05, 2018","2.675","2.712","2.715","2.651","160.24K","-1.58%"
"Apr 04, 2018","2.718","2.696","2.746","2.675","139.58K","0.78%"
"Apr 03, 2018","2.697","2.679","2.707","2.667","112.56K","0.52%"
"Apr 02, 2018","2.683","2.730","2.759","2.650","165.21K","-1.83%"
"Mar 29, 2018","2.733","2.706","2.764","2.698","160.01K","1.30%"
"Mar 28, 2018","2.698","2.718","2.731","2.690","85.53K","0.26%"
"Mar 27, 2018","2.691","2.631","2.707","2.623","9.73K","2.79%"
"Mar 26, 2018","2.618","2.588","2.642","2.565","52.52K","1.04%"
"Mar 23, 2018","2.591","2.619","2.627","2.579","57.01K","-0.99%"
"Mar 22, 2018","2.617","2.648","2.667","2.611","103.06K","-0.80%"
"Mar 21, 2018","2.638","2.677","2.708","2.634","135.65K","-1.38%"
"Mar 20, 2018","2.675","2.660","2.695","2.650","126.46K","0.91%"
"Mar 19, 2018","2.651","2.683","2.710","2.640","115.51K","-1.38%"
"Mar 16, 2018","2.688","2.685","2.701","2.667","78.67K","0.26%"
"Mar 15, 2018","2.681","2.738","2.750","2.664","147.71K","-1.83%"
"Mar 14, 2018","2.731","2.787","2.798","2.710","146.22K","-1.97%"
"Mar 13, 2018","2.786","2.788","2.811","2.776","146.85K","0.29%"
"Mar 12, 2018","2.778","2.731","2.804","2.718","163.46K","1.68%"
"Mar 09, 2018","2.732","2.742","2.752","2.712","131.47K","-0.87%"
"Mar 08, 2018","2.756","2.786","2.793","2.737","148.18K","-0.76%"
"Mar 07, 2018","2.777","2.750","2.789","2.744","144.97K","1.02%"
"Mar 06, 2018","2.749","2.706","2.757","2.702","132.01K","1.66%"
"Mar 05, 2018","2.704","2.717","2.726","2.673","118.02K","0.33%"
"Mar 02, 2018","2.695","2.693","2.728","2.686","138.00K","-0.11%"
"Mar 01, 2018","2.698","2.668","2.731","2.642","206.39K","1.16%"
"Feb 28, 2018","2.667","2.693","2.710","2.659","133.15K","-0.60%"
"Feb 27, 2018","2.683","2.682","2.702","2.633","122.83K","1.67%"
"Feb 26, 2018","2.639","2.635","2.680","2.586","13.76K","0.53%"
"Feb 23, 2018","2.625","2.619","2.633","2.555","67.00K","-0.34%"
"Feb 22, 2018","2.634","2.657","2.670","2.607","60.42K","-0.94%"
"Feb 21, 2018","2.659","2.638","2.680","2.565","125.22K","1.64%"
"Feb 20, 2018","2.616","2.568","2.662","2.562","147.86K","0.38%"
"Feb 19, 2018","2.606","2.582","2.618","2.562","-","0.93%"
"Feb 18, 2018","2.582","2.570","2.587","2.568","-","0.94%"
"Feb 16, 2018","2.558","2.584","2.589","2.539","112.34K","-0.85%"
"Feb 15, 2018","2.580","2.613","2.623","2.530","163.82K","-0.27%"
"Feb 14, 2018","2.587","2.608","2.623","2.553","175.16K","-0.27%"
"Feb 13, 2018","2.594","2.566","2.642","2.562","203.10K","1.65%"
"Feb 12, 2018","2.552","2.554","2.607","2.538","196.43K","-1.24%"
"Feb 09, 2018","2.584","2.694","2.704","2.576","236.20K","-4.19%"
"Feb 08, 2018","2.697","2.702","2.758","2.681","191.59K","-0.19%"
"Feb 07, 2018","2.702","2.761","2.782","2.688","220.44K","-2.07%"
"Feb 06, 2018","2.759","2.767","2.785","2.695","185.16K","0.44%"
"Feb 05, 2018","2.747","2.825","2.880","2.736","200.18K","-3.48%"
"Feb 02, 2018","2.846","2.891","2.920","2.840","184.07K","-0.35%"
"Feb 01, 2018","2.856","2.956","2.978","2.837","359.41K","-4.64%"
"Jan 31, 2018","2.995","3.165","3.183","2.949","334.64K","-6.26%"
"Jan 30, 2018","3.195","3.187","3.259","3.161","257.76K","-12.01%"
"Jan 29, 2018","3.631","3.390","3.661","3.297","20.41K","3.59%"
"Jan 26, 2018","3.505","3.437","3.611","3.410","75.22K","1.68%"
"Jan 25, 2018","3.447","3.439","3.581","3.398","84.79K","-1.77%"
"Jan 24, 2018","3.509","3.541","3.624","3.404","213.63K","1.89%"
"Jan 23, 2018","3.444","3.254","3.628","3.249","291.38K","6.82%"
"Jan 22, 2018","3.224","3.252","3.269","3.143","201.68K","1.22%"
"Jan 19, 2018","3.185","3.198","3.246","3.133","224.67K","-0.13%"
"Jan 18, 2018","3.189","3.251","3.260","3.070","293.58K","-1.33%"
"Jan 17, 2018","3.232","3.125","3.288","3.098","283.97K","3.29%"
"Jan 16, 2018","3.129","3.131","3.176","3.039","332.45K","-0.13%"
"Jan 15, 2018","3.133","3.117","3.175","3.107","-","0.55%"
"Jan 14, 2018","3.116","3.124","3.124","3.091","-","-2.63%"
"Jan 12, 2018","3.200","3.137","3.224","3.070","415.93K","3.76%"
"Jan 11, 2018","3.084","2.906","3.139","2.884","405.11K","6.13%"
"Jan 10, 2018","2.906","2.962","2.989","2.869","254.16K","-0.58%"
"Jan 09, 2018","2.923","2.838","2.966","2.825","288.55K","3.10%"
"Jan 08, 2018","2.835","2.812","2.869","2.784","228.24K","1.43%"
"Jan 05, 2018","2.795","2.877","2.887","2.746","230.95K","-2.95%"
"Jan 04, 2018","2.880","3.015","3.070","2.840","319.71K","-4.26%"
"Jan 03, 2018","3.008","3.040","3.056","2.959","269.89K","-1.57%"
"Jan 02, 2018","3.056","3.030","3.097","2.923","320.18K","-0.84%"
"Jan 01, 2018","3.082","3.057","3.093","3.043","-","4.37%"
"Dec 29, 2017","2.953","2.930","3.008","2.920","272.66K","1.34%"
"Dec 28, 2017","2.914","2.749","2.945","2.734","313.12K","6.43%"
"Dec 27, 2017","2.738","2.639","2.762","2.598","19.11K","3.59%"
"Dec 26, 2017","2.643","2.708","2.780","2.630","81.46K","-3.29%"
"Dec 25, 2017","2.733","2.703","2.741","2.699","-","2.47%"
"Dec 22, 2017","2.667","2.620","2.682","2.583","68.19K","2.66%"
"Dec 21, 2017","2.598","2.654","2.669","2.568","177.65K","-1.48%"
"Dec 20, 2017","2.637","2.722","2.756","2.610","183.12K","-2.04%"
"Dec 19, 2017","2.692","2.734","2.769","2.688","219.34K","-1.93%"
"Dec 18, 2017","2.745","2.650","2.778","2.634","231.83K","5.09%"
"Dec 15, 2017","2.612","2.686","2.732","2.581","190.91K","-2.68%"
"Dec 14, 2017","2.684","2.704","2.717","2.643","205.09K","-1.14%"
"Dec 13, 2017","2.715","2.696","2.751","2.656","256.78K","1.38%"
"Dec 12, 2017","2.678","2.801","2.844","2.673","312.86K","-5.30%"
"Dec 11, 2017","2.828","2.831","2.848","2.793","196.70K","2.02%"
"Dec 08, 2017","2.772","2.769","2.820","2.757","233.77K","0.33%"
"Dec 07, 2017","2.763","2.910","2.922","2.747","392.52K","-5.44%"
"Dec 06, 2017","2.922","2.910","2.961","2.884","178.78K","0.27%"
"Dec 05, 2017","2.914","2.976","2.998","2.875","240.84K","-2.38%"
"Dec 04, 2017","2.985","3.091","3.127","2.953","238.23K","-2.48%"
"Dec 01, 2017","3.061","3.032","3.117","3.029","213.44K","1.19%"
"Nov 30, 2017","3.025","3.175","3.194","3.008","317.43K","-4.84%"
"Nov 29, 2017","3.179","3.131","3.218","3.127","230.34K","3.42%"
"Nov 28, 2017","3.074","2.947","3.102","2.945","13.12K","4.99%"
"Nov 27, 2017","2.928","2.927","2.950","2.876","56.31K","4.09%"
"Nov 24, 2017","2.813","2.961","2.986","2.797","94.88K","-3.13%"
"Nov 23, 2017","2.904","2.971","2.986","2.891","-","-2.16%"
"Nov 22, 2017","2.968","3.013","3.027","2.955","139.40K","-1.62%"
"Nov 21, 2017","3.017","3.032","3.064","3.012","133.59K","-0.98%"
"Nov 20, 2017","3.047","3.070","3.089","3.026","160.17K","-1.61%"
"Nov 17, 2017","3.097","3.072","3.134","3.059","191.29K","1.44%"
"Nov 16, 2017","3.053","3.087","3.110","3.046","186.92K","-0.88%"
"Nov 15, 2017","3.080","3.078","3.153","3.052","192.70K","-0.71%"
"Nov 14, 2017","3.102","3.141","3.149","3.064","219.94K","-2.05%"
"Nov 13, 2017","3.167","3.200","3.231","3.127","208.60K","-1.43%"
"Nov 10, 2017","3.213","3.208","3.224","3.171","179.75K","0.41%"
"Nov 09, 2017","3.200","3.152","3.217","3.152","247.73K","0.79%"
"Nov 08, 2017","3.175","3.151","3.190","3.114","210.31K","0.73%"
"Nov 07, 2017","3.152","3.125","3.176","3.088","247.52K","0.57%"
"Nov 06, 2017","3.134","3.085","3.143","3.051","267.65K","5.03%"
"Nov 03, 2017","2.984","2.935","2.998","2.930","143.21K","1.67%"
"Nov 02, 2017","2.935","2.900","2.957","2.881","184.94K","1.45%"
"Nov 01, 2017","2.893","2.906","2.929","2.847","189.88K","-0.10%"
"Oct 31, 2017","2.896","2.988","3.005","2.882","194.99K","-2.36%"
"Oct 30, 2017","2.966","2.938","3.006","2.936","124.09K","7.78%"
"Oct 27, 2017","2.752","2.899","2.899","2.723","-","-4.78%"
"Oct 26, 2017","2.890","2.929","2.941","2.867","50.11K","-0.99%"
"Oct 25, 2017","2.919","2.991","2.999","2.913","65.78K","-1.85%"
"Oct 24, 2017","2.974","2.971","3.004","2.960","112.76K","-0.57%"
"Oct 23, 2017","2.991","3.001","3.017","2.948","178.93K","2.61%"
"Oct 20, 2017","2.915","2.886","2.940","2.856","225.04K","1.46%"
"Oct 19, 2017","2.873","2.868","2.910","2.773","295.77K","0.67%"
"Oct 18, 2017","2.854","2.923","2.941","2.851","205.29K","-3.65%"
"Oct 17, 2017","2.962","2.955","3.026","2.921","202.67K","0.54%"
"Oct 16, 2017","2.946","2.960","2.977","2.908","179.56K","-1.80%"
"Oct 13, 2017","3.000","2.995","3.036","2.984","179.59K","0.37%"
"Oct 12, 2017","2.989","2.906","3.008","2.895","308.99K","3.46%"
"Oct 11, 2017","2.889","2.882","2.962","2.876","224.27K","-0.07%"
"Oct 10, 2017","2.891","2.836","2.896","2.833","201.27K","2.05%"
"Oct 09, 2017","2.833","2.859","2.886","2.827","174.73K","-1.05%"
"Oct 06, 2017","2.863","2.895","2.917","2.856","226.64K","-2.05%"
"Oct 05, 2017","2.923","2.934","2.995","2.894","180.00K","-0.58%"
"Oct 04, 2017","2.940","2.905","2.977","2.898","160.56K","1.55%"
"Oct 03, 2017","2.895","2.925","2.935","2.880","151.62K","-0.72%"
"Oct 02, 2017","2.916","3.018","3.025","2.889","251.48K","-3.03%"
"Sep 29, 2017","3.007","3.022","3.044","2.992","117.98K","-0.33%"
"Sep 28, 2017","3.017","3.059","3.081","3.001","192.44K","1.45%"
"Sep 27, 2017","2.974","2.917","2.989","2.912","15.71K","1.92%"
"Sep 26, 2017","2.918","2.921","2.955","2.898","54.99K","-0.03%"
"Sep 25, 2017","2.919","2.932","2.986","2.911","73.23K","-1.35%"
"Sep 22, 2017","2.959","2.957","2.978","2.945","109.53K","0.44%"
"Sep 21, 2017","2.946","3.081","3.091","2.942","271.68K","-4.78%"
"Sep 20, 2017","3.094","3.118","3.148","3.077","172.96K","-0.90%"
"Sep 19, 2017","3.122","3.151","3.166","3.112","156.61K","-0.76%"
"Sep 18, 2017","3.146","3.049","3.157","3.049","209.88K","4.03%"
"Sep 15, 2017","3.024","3.065","3.074","3.006","144.12K","-1.50%"
"Sep 14, 2017","3.070","3.059","3.106","3.036","204.32K","0.39%"
"Sep 13, 2017","3.058","2.996","3.078","2.995","191.19K","1.90%"
"Sep 12, 2017","3.001","2.950","3.043","2.936","248.75K","1.73%"
"Sep 11, 2017","2.950","2.910","2.953","2.899","164.09K","2.08%"
"Sep 08, 2017","2.890","2.972","2.975","2.885","204.84K","-3.05%"
"Sep 07, 2017","2.981","3.008","3.030","2.968","137.13K","-0.63%"
"Sep 06, 2017","3.000","2.970","3.031","2.960","145.05K","0.94%"
"Sep 05, 2017","2.972","3.013","3.059","2.965","172.70K","-1.62%"
"Sep 04, 2017","3.021","3.042","3.060","3.018","-","-0.72%"
"Sep 03, 2017","3.043","3.025","3.054","3.014","-","-0.88%"
"Sep 01, 2017","3.070","3.027","3.088","2.998","179.19K","0.99%"
"Aug 31, 2017","3.040","2.945","3.045","2.908","241.06K","3.44%"
"Aug 30, 2017","2.939","2.973","2.980","2.928","96.50K","-0.74%"
"Aug 29, 2017","2.961","2.915","2.998","2.900","7.95K","1.23%"
"Aug 28, 2017","2.925","2.924","2.967","2.849","48.08K","1.14%"
"Aug 25, 2017","2.892","2.947","2.952","2.881","53.99K","-1.93%"
"Aug 24, 2017","2.949","2.926","2.982","2.917","105.19K","0.72%"
"Aug 23, 2017","2.928","2.935","2.957","2.900","104.36K","-0.37%"
"Aug 22, 2017","2.939","2.963","3.006","2.927","151.72K","-0.78%"
"Aug 21, 2017","2.962","2.894","2.980","2.867","171.19K","2.39%"
"Aug 18, 2017","2.893","2.917","2.928","2.885","83.32K","-1.23%"
"Aug 17, 2017","2.929","2.891","2.939","2.856","158.46K","1.35%"
"Aug 16, 2017","2.890","2.920","2.933","2.883","135.73K","-1.53%"
"Aug 15, 2017","2.935","2.961","2.972","2.919","103.18K","-0.81%"
"Aug 14, 2017","2.959","3.005","3.018","2.925","130.57K","-0.80%"
"Aug 11, 2017","2.983","2.976","2.997","2.962","137.47K","-0.07%"
"Aug 10, 2017","2.985","2.877","2.995","2.872","262.16K","3.54%"
"Aug 09, 2017","2.883","2.811","2.899","2.800","184.36K","2.16%"
"Aug 08, 2017","2.822","2.805","2.832","2.783","134.19K","0.75%"
"Aug 07, 2017","2.801","2.772","2.812","2.764","144.96K","0.97%"
"Aug 04, 2017","2.774","2.792","2.800","2.753","100.74K","-0.93%"
"Aug 03, 2017","2.800","2.811","2.846","2.790","125.79K","-0.39%"
"Aug 02, 2017","2.811","2.815","2.837","2.785","111.07K","-0.28%"
"Aug 01, 2017","2.819","2.810","2.835","2.761","151.16K","0.89%"
"Jul 31, 2017","2.794","2.900","2.900","2.781","176.23K","-5.00%"
"Jul 28, 2017","2.941","2.958","2.983","2.923","83.19K","-0.94%"
"Jul 27, 2017","2.969","2.926","2.998","2.904","11.03K","1.54%"
"Jul 26, 2017","2.924","2.944","2.965","2.895","45.38K","-0.68%"
"Jul 25, 2017","2.944","2.907","2.950","2.899","50.58K","1.55%"
"Jul 24, 2017","2.899","2.914","2.955","2.880","128.44K","-2.39%"
"Jul 21, 2017","2.970","3.030","3.044","2.938","158.26K","-2.40%"
"Jul 20, 2017","3.043","3.066","3.114","3.017","177.68K","-0.75%"
"Jul 19, 2017","3.066","3.082","3.103","3.062","101.88K","-0.71%"
"Jul 18, 2017","3.088","3.022","3.094","3.020","133.41K","2.25%"
"Jul 17, 2017","3.020","2.982","3.049","2.980","114.34K","1.34%"
"Jul 14, 2017","2.980","2.959","3.000","2.928","151.63K","0.64%"
"Jul 13, 2017","2.961","2.992","3.020","2.947","172.38K","-0.80%"
"Jul 12, 2017","2.985","3.035","3.043","2.970","180.11K","-2.03%"
"Jul 11, 2017","3.047","2.925","3.053","2.921","203.42K","4.03%"
"Jul 10, 2017","2.929","2.898","2.946","2.870","164.96K","2.27%"
"Jul 07, 2017","2.864","2.899","2.947","2.847","156.39K","-0.83%"
"Jul 06, 2017","2.888","2.857","2.893","2.849","147.75K","1.69%"
"Jul 05, 2017","2.840","2.952","3.020","2.832","239.39K","-4.83%"
"Jul 04, 2017","2.984","2.959","2.993","2.950","-","1.12%"
"Jul 03, 2017","2.951","2.949","3.050","2.935","142.58K","-2.77%"
"Jun 30, 2017","3.035","3.037","3.052","2.974","152.13K","-0.23%"
"Jun 29, 2017","3.042","3.080","3.122","3.032","156.62K","-0.82%"
"Jun 28, 2017","3.067","3.020","3.080","3.016","12.25K","0.99%"
"Jun 27, 2017","3.037","3.049","3.060","3.012","48.46K","0.33%"
"Jun 26, 2017","3.027","2.990","3.052","2.975","61.78K","3.35%"
"Jun 23, 2017","2.929","2.898","2.940","2.895","99.80K","1.21%"
"Jun 22, 2017","2.894","2.896","2.962","2.855","150.93K","0.03%"
"Jun 21, 2017","2.893","2.897","2.948","2.878","142.00K","-0.48%"
"Jun 20, 2017","2.907","2.897","2.913","2.879","112.91K","0.45%"
"Jun 19, 2017","2.894","2.966","2.971","2.877","155.30K","-4.71%"
"Jun 16, 2017","3.037","3.049","3.082","3.021","121.17K","-0.62%"
"Jun 15, 2017","3.056","2.943","3.066","2.929","195.04K","4.19%"
"Jun 14, 2017","2.933","2.962","2.989","2.916","164.62K","-1.11%"
"Jun 13, 2017","2.966","3.011","3.065","2.949","224.04K","-1.92%"
"Jun 12, 2017","3.024","3.032","3.087","3.001","163.50K","-0.49%"
"Jun 09, 2017","3.039","3.034","3.066","3.028","138.97K","0.36%"
"Jun 08, 2017","3.028","3.019","3.068","2.978","205.11K","0.26%"
"Jun 07, 2017","3.020","3.061","3.095","3.010","179.73K","-0.72%"
"Jun 06, 2017","3.042","2.982","3.063","2.972","139.91K","2.01%"
"Jun 05, 2017","2.982","3.026","3.047","2.935","148.45K","-0.57%"
"Jun 02, 2017","2.999","3.051","3.051","2.989","147.33K","-0.30%"
"Jun 01, 2017","3.008","3.080","3.128","2.988","236.24K","-2.05%"
"May 31, 2017","3.071","3.146","3.172","3.061","208.51K","-2.35%"
"May 30, 2017","3.145","3.250","3.255","3.141","215.16K","-1.75%"
"May 29, 2017","3.201","3.236","3.245","3.192","-","-1.08%"
"May 28, 2017","3.236","3.252","3.252","3.216","-","0.00%"
"May 26, 2017","3.236","3.186","3.263","3.167","-","1.63%"
"May 25, 2017","3.184","3.204","3.257","3.145","45.80K","-0.78%"
"May 24, 2017","3.209","3.234","3.252","3.176","51.80K","-0.31%"
"May 23, 2017","3.219","3.325","3.333","3.211","131.86K","-3.33%"
"May 22, 2017","3.330","3.291","3.334","3.279","132.56K","2.27%"
"May 19, 2017","3.256","3.184","3.270","3.181","143.46K","2.33%"
"May 18, 2017","3.182","3.209","3.242","3.161","153.42K","-0.31%"
"May 17, 2017","3.192","3.231","3.269","3.165","147.28K","-1.18%"
"May 16, 2017","3.230","3.359","3.369","3.216","203.41K","-3.55%"
"May 15, 2017","3.349","3.387","3.408","3.334","142.31K","-2.19%"
"May 12, 2017","3.424","3.368","3.431","3.350","150.24K","1.42%"
"May 11, 2017","3.376","3.278","3.388","3.273","199.19K","2.55%"
"May 10, 2017","3.292","3.214","3.349","3.202","223.19K","2.01%"
"May 09, 2017","3.227","3.178","3.246","3.173","170.98K","1.73%"
"May 08, 2017","3.172","3.243","3.265","3.140","196.69K","-2.88%"
"May 05, 2017","3.266","3.199","3.282","3.183","150.65K","2.51%"
"May 04, 2017","3.186","3.220","3.254","3.165","140.03K","-1.30%"
"May 03, 2017","3.228","3.185","3.233","3.175","89.63K","1.03%"
"May 02, 2017","3.195","3.231","3.273","3.178","141.62K","-0.62%"
"May 01, 2017","3.215","3.249","3.313","3.198","128.61K","-1.86%"
"Apr 28, 2017","3.276","3.240","3.298","3.229","117.65K","1.14%"
"Apr 27, 2017","3.239","3.255","3.266","3.207","139.12K","3.09%"
"Apr 26, 2017","3.142","3.052","3.170","3.031","11.33K","3.25%"
"Apr 25, 2017","3.043","3.064","3.083","3.022","64.75K","-0.75%"
"Apr 24, 2017","3.066","3.094","3.149","3.031","67.85K","-1.13%"
"Apr 21, 2017","3.101","3.168","3.185","3.082","114.90K","-1.84%"
"Apr 20, 2017","3.159","3.191","3.219","3.134","126.00K","-0.82%"
"Apr 19, 2017","3.185","3.150","3.223","3.143","158.32K","1.27%"
"Apr 18, 2017","3.145","3.164","3.182","3.114","138.63K","-0.57%"
"Apr 17, 2017","3.163","3.229","3.249","3.158","147.64K","-1.98%"
"Apr 13, 2017","3.227","3.182","3.243","3.149","182.11K","1.26%"
"Apr 12, 2017","3.187","3.168","3.197","3.132","174.01K","1.17%"
"Apr 11, 2017","3.150","3.243","3.268","3.141","201.47K","-2.72%"
"Apr 10, 2017","3.238","3.240","3.293","3.228","141.82K","-0.71%"
"Apr 07, 2017","3.261","3.307","3.340","3.246","170.78K","-2.10%"
"Apr 06, 2017","3.331","3.269","3.337","3.235","165.91K","1.99%"
"Apr 05, 2017","3.266","3.293","3.347","3.254","165.27K","-0.82%"
"Apr 04, 2017","3.293","3.145","3.301","3.121","232.92K","5.27%"
"Apr 03, 2017","3.128","3.217","3.239","3.125","124.59K","-1.94%"
"Mar 31, 2017","3.190","3.199","3.242","3.163","114.82K","-0.03%"
"Mar 30, 2017","3.191","3.210","3.237","3.141","133.29K","0.50%"
"Mar 29, 2017","3.175","3.089","3.183","3.082","8.02K","2.55%"
"Mar 28, 2017","3.096","3.046","3.104","3.011","53.20K","1.44%"
"Mar 27, 2017","3.052","3.119","3.133","3.043","59.54K","-0.78%"
"Mar 24, 2017","3.076","3.050","3.092","3.016","102.12K","0.82%"
"Mar 23, 2017","3.051","3.020","3.063","2.986","147.43K","1.33%"
"Mar 22, 2017","3.011","3.082","3.095","3.007","125.48K","-2.65%"
"Mar 21, 2017","3.093","3.080","3.113","3.033","138.76K","1.71%"
"Mar 20, 2017","3.041","2.913","3.085","2.902","133.71K","3.15%"
"Mar 17, 2017","2.948","2.908","2.965","2.882","102.59K","1.59%"
"Mar 16, 2017","2.902","2.974","2.976","2.888","175.33K","-2.65%"
"Mar 15, 2017","2.981","2.949","3.006","2.923","119.23K","1.46%"
"Mar 14, 2017","2.938","3.018","3.063","2.927","156.66K","-3.45%"
"Mar 13, 2017","3.043","3.083","3.089","2.990","140.78K","1.16%"
"Mar 10, 2017","3.008","2.987","3.043","2.966","162.57K","1.14%"
"Mar 09, 2017","2.974","2.913","2.990","2.889","178.68K","2.52%"
"Mar 08, 2017","2.901","2.835","2.949","2.833","200.06K","2.73%"
"Mar 07, 2017","2.824","2.872","2.890","2.815","166.48K","-2.65%"
"Mar 06, 2017","2.901","2.911","2.952","2.857","216.89K","2.62%"
"Mar 03, 2017","2.827","2.816","2.840","2.775","155.24K","0.82%"
"Mar 02, 2017","2.804","2.791","2.835","2.730","173.32K","0.18%"
"Mar 01, 2017","2.799","2.770","2.828","2.743","154.83K","0.90%"
"Feb 28, 2017","2.774","2.691","2.788","2.653","183.62K","3.01%"
"Feb 27, 2017","2.693","2.715","2.721","2.659","127.55K","2.51%"
"Feb 24, 2017","2.627","2.620","2.670","2.587","-","0.38%"
"Feb 23, 2017","2.617","2.598","2.704","2.569","67.94K","0.96%"
"Feb 22, 2017","2.592","2.584","2.640","2.522","69.60K","1.09%"
"Feb 21, 2017","2.564","2.791","2.826","2.556","205.02K","-10.91%"
"Feb 20, 2017","2.878","2.894","2.897","2.864","-","-0.55%"
"Feb 19, 2017","2.894","2.913","2.913","2.892","-","2.12%"
"Feb 17, 2017","2.834","2.840","2.899","2.830","126.49K","-0.70%"
"Feb 16, 2017","2.854","2.934","2.953","2.831","138.78K","-2.43%"
"Feb 15, 2017","2.925","2.939","2.994","2.913","126.12K","0.69%"
"Feb 14, 2017","2.905","2.923","2.953","2.887","142.94K","-1.32%"
"Feb 13, 2017","2.944","2.978","2.994","2.921","162.67K","-2.97%"
"Feb 10, 2017","3.034","3.105","3.121","3.005","188.16K","-3.41%"
"Feb 09, 2017","3.141","3.143","3.189","3.110","162.28K","0.48%"
"Feb 08, 2017","3.126","3.140","3.164","3.060","159.48K","-0.13%"
"Feb 07, 2017","3.130","3.060","3.156","3.051","177.01K","2.62%"
"Feb 06, 2017","3.050","3.015","3.086","3.006","124.25K","-0.42%"
"Feb 03, 2017","3.063","3.193","3.201","3.042","179.66K","-3.89%"
"Feb 02, 2017","3.187","3.174","3.209","3.118","149.33K","0.60%"
"Feb 01, 2017","3.168","3.134","3.228","3.113","136.18K","1.64%"
"Jan 31, 2017","3.117","3.224","3.235","3.110","198.01K","-3.56%"
"Jan 30, 2017","3.232","3.300","3.342","3.216","135.65K","-4.69%"
"Jan 27, 2017","3.391","3.350","3.418","3.245","-","0.27%"
"Jan 26, 2017","3.382","3.362","3.494","3.350","75.88K","1.50%"
"Jan 25, 2017","3.332","3.292","3.365","3.255","51.14K","1.62%"
"Jan 24, 2017","3.279","3.280","3.350","3.259","99.03K","1.11%"
"Jan 23, 2017","3.243","3.180","3.278","3.145","108.56K","1.22%"
"Jan 20, 2017","3.204","3.301","3.347","3.189","138.92K","-4.87%"
"Jan 19, 2017","3.368","3.325","3.404","3.257","145.48K","2.00%"
"Jan 18, 2017","3.302","3.397","3.437","3.282","128.82K","-3.22%"
"Jan 17, 2017","3.412","3.473","3.513","3.354","137.70K","-2.04%"
"Jan 16, 2017","3.483","3.466","3.496","3.401","-","0.49%"
"Jan 15, 2017","3.466","3.474","3.479","3.465","-","1.37%"
"Jan 13, 2017","3.419","3.397","3.435","3.332","155.20K","0.97%"
"Jan 12, 2017","3.386","3.295","3.450","3.294","202.40K","5.02%"
"Jan 11, 2017","3.224","3.274","3.352","3.213","145.25K","-1.65%"
"Jan 10, 2017","3.278","3.115","3.327","3.110","178.59K","5.64%"
"Jan 09, 2017","3.103","3.253","3.275","3.098","163.39K","-5.54%"
"Jan 06, 2017","3.285","3.304","3.358","3.214","140.08K","0.37%"
"Jan 05, 2017","3.273","3.260","3.346","3.172","208.43K","0.18%"
"Jan 04, 2017","3.267","3.317","3.358","3.236","171.53K","-1.80%"
"Jan 03, 2017","3.327","3.568","3.568","3.267","254.13K","-4.94%"
"Jan 02, 2017","3.500","3.560","3.560","3.459","-","-6.02%"
"Dec 30, 2016","3.724","3.800","3.857","3.690","96.92K","-2.05%"
"Dec 29, 2016","3.802","3.872","3.884","3.754","132.57K","-3.26%"
"Dec 28, 2016","3.930","3.735","3.994","3.664","17.26K","4.49%"
"Dec 27, 2016","3.761","3.736","3.778","3.686","59.67K","-0.13%"
"Dec 26, 2016","3.766","3.756","3.774","3.751","-","2.84%"
"Dec 23, 2016","3.662","3.541","3.715","3.534","58.30K","3.50%"
"Dec 22, 2016","3.538","3.572","3.626","3.497","119.59K","-0.11%"
"Dec 21, 2016","3.542","3.311","3.593","3.307","169.03K","8.55%"
"Dec 20, 2016","3.263","3.401","3.408","3.242","165.29K","-3.80%"
"Dec 19, 2016","3.392","3.353","3.450","3.330","119.33K","-0.67%"
"Dec 16, 2016","3.415","3.420","3.434","3.343","120.43K","-0.55%"
"Dec 15, 2016","3.434","3.567","3.589","3.394","190.80K","-2.99%"
"Dec 14, 2016","3.540","3.477","3.572","3.444","140.16K","1.90%"
"Dec 13, 2016","3.474","3.525","3.577","3.448","163.18K","-0.94%"
"Dec 12, 2016","3.507","3.583","3.601","3.472","245.76K","-6.38%"
"Dec 09, 2016","3.746","3.710","3.777","3.661","206.66K","1.38%"
"Dec 08, 2016","3.695","3.569","3.730","3.503","233.85K","2.55%"
"Dec 07, 2016","3.603","3.633","3.748","3.556","252.20K","-0.88%"
"Dec 06, 2016","3.635","3.600","3.732","3.574","225.25K","-0.52%"
"Dec 05, 2016","3.654","3.471","3.656","3.450","192.19K","6.34%"
"Dec 02, 2016","3.436","3.539","3.568","3.378","168.56K","-1.97%"
"Dec 01, 2016","3.505","3.348","3.547","3.316","210.76K","4.56%"
"Nov 30, 2016","3.352","3.325","3.365","3.285","168.56K","1.12%"
"Nov 29, 2016","3.315","3.359","3.367","3.277","163.40K","2.57%"
"Nov 28, 2016","3.232","3.130","3.265","3.130","13.72K","4.76%"
"Nov 25, 2016","3.085","3.011","3.121","3.001","36.48K","1.61%"
"Nov 24, 2016","3.036","3.012","3.045","3.000","-","0.33%"
"Nov 23, 2016","3.026","2.948","3.062","2.915","65.48K","1.48%"
"Nov 22, 2016","2.982","2.973","3.014","2.913","112.52K","1.08%"
"Nov 21, 2016","2.950","2.898","2.973","2.891","112.52K","3.76%"
"Nov 18, 2016","2.843","2.696","2.852","2.690","134.23K","5.18%"
"Nov 17, 2016","2.703","2.767","2.798","2.681","140.20K","-2.21%"
"Nov 16, 2016","2.764","2.710","2.782","2.669","125.53K","2.03%"
"Nov 15, 2016","2.709","2.746","2.822","2.694","150.88K","-1.46%"
"Nov 14, 2016","2.749","2.667","2.778","2.644","138.94K","4.96%"
"Nov 11, 2016","2.619","2.656","2.685","2.555","162.83K","-0.49%"
"Nov 10, 2016","2.632","2.691","2.728","2.575","185.15K","-2.16%"
"Nov 09, 2016","2.690","2.612","2.743","2.546","209.32K","2.16%"
"Nov 08, 2016","2.633","2.832","2.856","2.607","211.75K","-6.50%"
"Nov 07, 2016","2.816","2.848","2.875","2.781","141.84K","1.77%"
"Nov 04, 2016","2.767","2.815","2.820","2.741","120.82K","-0.07%"
"Nov 03, 2016","2.769","2.773","2.840","2.725","170.35K","-0.82%"
"Nov 02, 2016","2.792","2.852","2.889","2.769","193.68K","-3.79%"
"Nov 01, 2016","2.902","2.979","3.029","2.850","228.84K","-4.10%"
"Oct 31, 2016","3.026","3.150","3.163","2.978","154.85K","-2.54%"
"Oct 28, 2016","3.105","3.081","3.125","3.016","157.12K","12.34%"
"Oct 27, 2016","2.764","2.746","2.793","2.684","14.50K","1.21%"
"Oct 26, 2016","2.731","2.757","2.776","2.627","83.05K","-1.55%"
"Oct 25, 2016","2.774","2.851","2.879","2.755","99.28K","-2.01%"
"Oct 24, 2016","2.831","3.007","3.044","2.827","162.04K","-5.41%"
"Oct 21, 2016","2.993","3.120","3.121","2.955","170.37K","-4.71%"
"Oct 20, 2016","3.141","3.173","3.201","3.101","161.64K","-0.91%"
"Oct 19, 2016","3.170","3.260","3.261","3.144","156.84K","-2.85%"
"Oct 18, 2016","3.263","3.252","3.317","3.248","116.94K","0.59%"
"Oct 17, 2016","3.244","3.260","3.271","3.211","128.89K","-1.25%"
"Oct 14, 2016","3.285","3.345","3.362","3.264","166.45K","-1.68%"
"Oct 13, 2016","3.341","3.211","3.366","3.164","267.95K","4.08%"
"Oct 12, 2016","3.210","3.223","3.260","3.184","171.81K","-0.83%"
"Oct 11, 2016","3.237","3.272","3.300","3.209","187.56K","-1.16%"
"Oct 10, 2016","3.275","3.194","3.289","3.154","204.36K","2.57%"
"Oct 07, 2016","3.193","3.033","3.218","3.015","283.58K","4.72%"
"Oct 06, 2016","3.049","3.030","3.071","2.972","202.36K","0.26%"
"Oct 05, 2016","3.041","2.973","3.058","2.922","171.02K","2.60%"
"Oct 04, 2016","2.964","2.907","2.990","2.878","145.55K","1.40%"
"Oct 03, 2016","2.923","2.905","2.937","2.866","126.40K","0.59%"
"Sep 30, 2016","2.906","2.966","2.977","2.892","168.14K","-1.79%"
"Sep 29, 2016","2.959","3.010","3.032","2.956","131.81K","0.24%"
"Sep 28, 2016","2.952","2.994","2.994","2.905","8.88K","-1.47%"
"Sep 27, 2016","2.996","3.011","3.023","2.977","45.16K","-0.03%"
"Sep 26, 2016","2.997","2.949","3.018","2.943","44.21K","1.42%"
"Sep 23, 2016","2.955","2.995","3.021","2.933","93.79K","-1.17%"
"Sep 22, 2016","2.990","3.074","3.091","2.981","132.43K","-2.19%"
"Sep 21, 2016","3.057","3.078","3.098","3.029","129.47K","0.33%"
"Sep 20, 2016","3.047","2.936","3.072","2.935","172.08K","3.85%"
"Sep 19, 2016","2.934","2.956","2.958","2.890","106.54K","-0.47%"
"Sep 16, 2016","2.948","2.918","2.963","2.866","124.00K","0.72%"
"Sep 15, 2016","2.927","2.895","2.944","2.834","152.77K","1.32%"
"Sep 14, 2016","2.889","2.899","2.978","2.852","175.31K","-0.69%"
"Sep 13, 2016","2.909","2.902","2.942","2.887","140.06K","-0.21%"
"Sep 12, 2016","2.915","2.820","2.924","2.820","189.73K","4.22%"
"Sep 09, 2016","2.797","2.810","2.844","2.783","149.67K","-0.32%"
"Sep 08, 2016","2.806","2.681","2.821","2.679","212.59K","4.86%"
"Sep 07, 2016","2.676","2.725","2.743","2.665","139.25K","-1.51%"
"Sep 06, 2016","2.717","2.764","2.770","2.708","126.92K","-1.27%"
"Sep 05, 2016","2.752","2.756","2.770","2.734","-","-0.22%"
"Sep 04, 2016","2.758","2.764","2.764","2.755","-","-1.22%"
"Sep 02, 2016","2.792","2.805","2.825","2.770","88.82K","0.00%"
"Sep 01, 2016","2.792","2.879","2.890","2.785","157.51K","-3.29%"
"Aug 31, 2016","2.887","2.834","2.900","2.808","140.18K","2.12%"
"Aug 30, 2016","2.827","2.893","2.943","2.815","133.44K","-0.91%"
"Aug 29, 2016","2.853","2.847","2.896","2.831","10.33K","-0.63%"
"Aug 26, 2016","2.871","2.840","2.907","2.797","49.83K","0.88%"
"Aug 25, 2016","2.846","2.790","2.863","2.749","68.93K","1.79%"
"Aug 24, 2016","2.796","2.761","2.819","2.749","108.01K","1.27%"
"Aug 23, 2016","2.761","2.671","2.765","2.652","131.60K","3.06%"
"Aug 22, 2016","2.679","2.596","2.696","2.596","143.25K","3.68%"
"Aug 19, 2016","2.584","2.660","2.670","2.569","122.69K","-3.37%"
"Aug 18, 2016","2.674","2.615","2.697","2.602","146.98K","2.10%"
"Aug 17, 2016","2.619","2.627","2.648","2.585","122.02K","0.08%"
"Aug 16, 2016","2.617","2.591","2.630","2.580","98.53K","1.04%"
"Aug 15, 2016","2.590","2.565","2.636","2.561","102.33K","0.15%"
"Aug 12, 2016","2.586","2.535","2.625","2.523","134.47K","1.37%"
"Aug 11, 2016","2.551","2.570","2.605","2.529","181.83K","-0.39%"
"Aug 10, 2016","2.561","2.619","2.650","2.551","187.74K","-2.07%"
"Aug 09, 2016","2.615","2.738","2.744","2.605","221.21K","-4.84%"
"Aug 08, 2016","2.748","2.749","2.761","2.705","175.88K","-0.87%"
"Aug 05, 2016","2.772","2.829","2.832","2.756","145.17K","-2.19%"
"Aug 04, 2016","2.834","2.842","2.885","2.810","148.30K","-0.18%"
"Aug 03, 2016","2.839","2.734","2.866","2.722","155.70K","3.88%"
"Aug 02, 2016","2.733","2.774","2.799","2.728","107.78K","-1.37%"
"Aug 01, 2016","2.771","2.840","2.876","2.768","128.41K","-3.65%"
"Jul 29, 2016","2.876","2.857","2.911","2.837","116.83K","0.10%"
"Jul 28, 2016","2.873","2.673","2.893","2.651","249.34K","7.52%"
"Jul 27, 2016","2.672","2.691","2.750","2.654","13.34K","-1.47%"
"Jul 26, 2016","2.712","2.733","2.772","2.682","54.03K","-1.27%"
"Jul 25, 2016","2.747","2.779","2.818","2.728","46.36K","-1.08%"
"Jul 22, 2016","2.777","2.688","2.795","2.660","95.60K","3.16%"
"Jul 21, 2016","2.692","2.665","2.710","2.625","120.59K","1.28%"
"Jul 20, 2016","2.658","2.722","2.730","2.648","125.80K","-2.57%"
"Jul 19, 2016","2.728","2.733","2.787","2.714","105.29K","0.22%"
"Jul 18, 2016","2.722","2.775","2.799","2.708","89.83K","-1.23%"
"Jul 15, 2016","2.756","2.730","2.778","2.669","122.44K","1.06%"
"Jul 14, 2016","2.727","2.751","2.769","2.709","126.99K","-0.37%"
"Jul 13, 2016","2.737","2.738","2.799","2.702","131.50K","0.11%"
"Jul 12, 2016","2.734","2.717","2.751","2.687","143.03K","1.18%"
"Jul 11, 2016","2.702","2.819","2.871","2.696","151.03K","-3.53%"
"Jul 08, 2016","2.801","2.758","2.825","2.748","98.79K","0.86%"
"Jul 07, 2016","2.777","2.803","2.841","2.725","138.17K","-0.32%"
"Jul 06, 2016","2.786","2.768","2.802","2.697","135.88K","0.80%"
"Jul 05, 2016","2.764","2.915","2.945","2.752","176.56K","-5.21%"
"Jul 04, 2016","2.916","2.904","2.945","2.886","-","0.45%"
"Jul 03, 2016","2.903","2.915","2.915","2.882","-","-2.81%"
"Jul 01, 2016","2.987","2.931","2.998","2.891","114.64K","2.15%"
"Jun 30, 2016","2.924","2.863","2.945","2.851","160.70K","2.13%"
"Jun 29, 2016","2.863","2.879","2.974","2.844","147.25K","-1.85%"
"Jun 28, 2016","2.917","2.726","2.934","2.721","13.04K","7.40%"
"Jun 27, 2016","2.716","2.636","2.736","2.631","45.35K","2.03%"
"Jun 24, 2016","2.662","2.703","2.703","2.625","46.17K","-1.33%"
"Jun 23, 2016","2.698","2.670","2.720","2.614","141.68K","0.78%"
"Jun 22, 2016","2.677","2.765","2.775","2.657","142.67K","-3.29%"
"Jun 21, 2016","2.768","2.743","2.786","2.710","124.58K","0.76%"
"Jun 20, 2016","2.747","2.652","2.759","2.650","158.50K","4.73%"
"Jun 17, 2016","2.623","2.584","2.656","2.554","127.81K","1.67%"
"Jun 16, 2016","2.580","2.592","2.639","2.553","149.53K","-0.58%"
"Jun 15, 2016","2.595","2.607","2.634","2.586","107.73K","-0.35%"
"Jun 14, 2016","2.604","2.576","2.621","2.535","158.70K","0.74%"
"Jun 13, 2016","2.585","2.595","2.635","2.570","163.31K","1.13%"
"Jun 10, 2016","2.556","2.593","2.609","2.551","165.07K","-2.33%"
"Jun 09, 2016","2.617","2.465","2.630","2.451","280.22K","6.04%"
"Jun 08, 2016","2.468","2.481","2.501","2.453","163.43K","-0.24%"
"Jun 07, 2016","2.474","2.444","2.491","2.408","169.66K","0.32%"
"Jun 06, 2016","2.466","2.439","2.480","2.399","150.66K","2.84%"
"Jun 03, 2016","2.398","2.404","2.454","2.387","135.94K","-0.29%"
"Jun 02, 2016","2.405","2.369","2.424","2.361","155.78K","1.01%"
"Jun 01, 2016","2.381","2.287","2.386","2.277","209.91K","4.06%"
"May 31, 2016","2.288","2.160","2.303","2.151","194.03K","5.63%"
"May 30, 2016","2.166","2.171","2.171","2.151","-","-0.23%"
"May 29, 2016","2.171","2.163","2.176","2.155","-","0.09%"
"May 27, 2016","2.169","2.145","2.191","2.101","124.44K","10.49%"
"May 26, 2016","1.963","1.972","1.985","1.909","14.25K","-1.46%"
"May 25, 2016","1.992","1.980","2.008","1.955","54.78K","0.61%"
"May 24, 2016","1.980","2.064","2.087","1.976","80.23K","-3.65%"
"May 23, 2016","2.055","2.093","2.133","2.050","106.26K","-0.34%"
"May 20, 2016","2.062","2.037","2.074","2.015","108.44K","1.13%"
"May 19, 2016","2.039","2.010","2.052","1.952","175.78K","1.90%"
"May 18, 2016","2.001","2.054","2.057","1.994","129.14K","-2.29%"
"May 17, 2016","2.048","2.037","2.083","2.030","114.93K","0.94%"
"May 16, 2016","2.029","2.080","2.087","2.023","122.63K","-3.20%"
"May 13, 2016","2.096","2.134","2.164","2.075","169.40K","-2.74%"
"May 12, 2016","2.155","2.163","2.185","2.125","144.82K","-0.83%"
"May 11, 2016","2.173","2.164","2.183","2.114","154.96K","0.70%"
"May 10, 2016","2.158","2.100","2.173","2.091","137.45K","2.86%"
"May 09, 2016","2.098","2.104","2.126","2.080","109.46K","-0.14%"
"May 06, 2016","2.101","2.084","2.109","2.045","128.48K","1.20%"
"May 05, 2016","2.076","2.143","2.179","2.068","148.47K","-3.04%"
"May 04, 2016","2.141","2.086","2.160","2.061","131.09K","2.64%"
"May 03, 2016","2.086","2.053","2.104","2.041","125.19K","2.15%"
"May 02, 2016","2.042","2.132","2.143","2.026","161.76K","-6.24%"
"Apr 29, 2016","2.178","2.060","2.195","2.042","228.08K","4.81%"
"Apr 28, 2016","2.078","2.149","2.155","2.054","181.45K","4.16%"
"Apr 27, 2016","1.995","2.035","2.064","1.950","14.22K","-1.82%"
"Apr 26, 2016","2.032","2.072","2.082","1.993","55.33K","-1.50%"
"Apr 25, 2016","2.063","2.160","2.176","2.043","66.03K","-3.60%"
"Apr 22, 2016","2.140","2.061","2.147","2.034","155.81K","3.48%"
"Apr 21, 2016","2.068","2.073","2.107","2.053","147.70K","-0.05%"
"Apr 20, 2016","2.069","2.089","2.137","2.054","189.78K","-0.91%"
"Apr 19, 2016","2.088","1.934","2.096","1.925","179.59K","7.63%"
"Apr 18, 2016","1.940","1.882","1.950","1.872","128.24K","2.00%"
"Apr 15, 2016","1.902","1.961","1.967","1.885","137.69K","-3.45%"
"Apr 14, 2016","1.970","2.045","2.048","1.957","147.14K","-3.24%"
"Apr 13, 2016","2.036","2.016","2.051","2.002","164.61K","1.60%"
"Apr 12, 2016","2.004","1.934","2.030","1.922","175.35K","4.81%"
"Apr 11, 2016","1.912","1.951","1.951","1.907","158.32K","-3.92%"
"Apr 08, 2016","1.990","2.015","2.044","1.986","163.14K","-1.39%"
"Apr 07, 2016","2.018","1.904","2.024","1.892","214.84K","5.60%"
"Apr 06, 2016","1.911","1.941","1.943","1.897","123.75K","-2.20%"
"Apr 05, 2016","1.954","2.004","2.041","1.931","136.28K","-2.20%"
"Apr 04, 2016","1.998","1.988","2.074","1.976","158.62K","2.15%"
"Apr 01, 2016","1.956","1.963","1.992","1.925","115.46K","-0.15%"
"Mar 31, 2016","1.959","1.990","2.028","1.930","184.46K","-1.85%"
"Mar 30, 2016","1.996","1.979","2.015","1.963","116.07K","4.89%"
"Mar 29, 2016","1.903","1.855","1.914","1.821","10.79K","2.98%"
"Mar 28, 2016","1.848","1.785","1.852","1.766","55.16K","2.33%"
"Mar 24, 2016","1.806","1.791","1.827","1.772","64.62K","0.67%"
"Mar 23, 2016","1.794","1.867","1.899","1.777","121.75K","-3.70%"
"Mar 22, 2016","1.863","1.813","1.870","1.796","116.29K","1.91%"
"Mar 21, 2016","1.828","1.893","1.908","1.808","139.54K","-4.14%"
"Mar 18, 2016","1.907","1.933","1.957","1.881","122.65K","-1.50%"
"Mar 17, 2016","1.936","1.869","1.952","1.830","172.24K","3.64%"
"Mar 16, 2016","1.868","1.849","1.879","1.820","112.16K","0.92%"
"Mar 15, 2016","1.851","1.832","1.898","1.808","137.27K","1.76%"
"Mar 14, 2016","1.819","1.818","1.857","1.771","111.24K","-0.16%"
"Mar 11, 2016","1.822","1.799","1.859","1.792","135.38K","1.90%"
"Mar 10, 2016","1.788","1.764","1.812","1.733","183.31K","2.05%"
"Mar 09, 2016","1.752","1.727","1.784","1.715","160.68K","2.34%"
"Mar 08, 2016","1.712","1.707","1.740","1.678","147.45K","1.30%"
"Mar 07, 2016","1.690","1.628","1.740","1.612","158.88K","1.44%"
"Mar 04, 2016","1.666","1.626","1.675","1.611","100.28K","1.65%"
"Mar 03, 2016","1.639","1.672","1.695","1.630","139.56K","-2.32%"
"Mar 02, 2016","1.678","1.741","1.746","1.657","128.73K","-3.67%"
"Mar 01, 2016","1.742","1.707","1.775","1.685","192.97K","1.81%"
"Feb 29, 2016","1.711","1.711","1.737","1.690","173.24K","-4.47%"
"Feb 26, 2016","1.791","1.786","1.805","1.731","115.55K","4.68%"
"Feb 25, 2016","1.711","1.773","1.776","1.682","11.51K","-3.77%"
"Feb 24, 2016","1.778","1.785","1.808","1.761","41.98K","-0.22%"
"Feb 23, 2016","1.782","1.832","1.848","1.773","54.65K","-2.14%"
"Feb 22, 2016","1.821","1.784","1.844","1.767","92.46K","0.94%"
"Feb 19, 2016","1.804","1.856","1.870","1.794","110.29K","-2.59%"
"Feb 18, 2016","1.852","1.948","1.954","1.849","144.73K","-4.63%"
"Feb 17, 2016","1.942","1.925","1.960","1.893","108.69K","2.05%"
"Feb 16, 2016","1.903","1.952","1.963","1.879","135.74K","-0.76%"
"Feb 15, 2016","1.918","1.936","1.962","1.911","-","-1.01%"
"Feb 14, 2016","1.937","1.934","1.952","1.926","-","-1.48%"
"Feb 12, 2016","1.966","1.994","2.025","1.951","102.01K","-1.40%"
"Feb 11, 2016","1.994","2.052","2.093","1.980","163.83K","-2.54%"
"Feb 10, 2016","2.046","2.097","2.109","2.017","147.14K","-2.48%"
"Feb 09, 2016","2.098","2.129","2.134","2.065","144.49K","-1.96%"
"Feb 08, 2016","2.140","2.106","2.172","2.105","197.08K","3.73%"
"Feb 05, 2016","2.063","1.981","2.076","1.981","165.22K","4.61%"
"Feb 04, 2016","1.972","2.042","2.048","1.954","153.16K","-3.24%"
"Feb 03, 2016","2.038","2.036","2.065","1.992","124.47K","0.64%"
"Feb 02, 2016","2.025","2.136","2.140","1.976","215.72K","-5.90%"
"Feb 01, 2016","2.152","2.213","2.228","2.127","174.77K","-6.35%"
"Jan 29, 2016","2.298","2.224","2.315","2.218","181.50K","5.32%"
"Jan 28, 2016","2.182","2.145","2.231","2.088","183.96K","-0.32%"
"Jan 27, 2016","2.189","2.177","2.241","2.161","11.48K","0.41%"
"Jan 26, 2016","2.180","2.144","2.219","2.128","47.01K","1.02%"
"Jan 25, 2016","2.158","2.156","2.175","2.081","59.78K","0.89%"
"Jan 22, 2016","2.139","2.149","2.168","2.112","92.56K","0.05%"
"Jan 21, 2016","2.138","2.135","2.189","2.080","161.15K","0.94%"
"Jan 20, 2016","2.118","2.091","2.149","2.067","106.10K","1.29%"
"Jan 19, 2016","2.091","2.055","2.170","2.044","133.09K","-0.64%"
"Jan 18, 2016","2.105","2.052","2.133","2.045","-","2.58%"
"Jan 17, 2016","2.052","2.092","2.092","2.046","-","-2.31%"
"Jan 15, 2016","2.100","2.144","2.153","2.086","103.82K","-1.82%"
"Jan 14, 2016","2.139","2.274","2.294","2.126","156.66K","-5.73%"
"Jan 13, 2016","2.269","2.263","2.323","2.256","137.81K","0.53%"
"Jan 12, 2016","2.257","2.362","2.366","2.241","157.60K","-5.80%"
"Jan 11, 2016","2.396","2.446","2.480","2.355","146.84K","-3.07%"
"Jan 08, 2016","2.472","2.397","2.495","2.377","163.91K","3.78%"
"Jan 07, 2016","2.382","2.290","2.429","2.271","214.46K","5.07%"
"Jan 06, 2016","2.267","2.345","2.360","2.241","166.28K","-2.49%"
"Jan 05, 2016","2.325","2.290","2.346","2.255","123.92K","-0.39%"
"Jan 04, 2016","2.334","2.366","2.375","2.239","135.24K","-0.13%"
"Dec 31, 2015","2.337","2.273","2.378","2.270","144.67K","5.56%"
"Dec 30, 2015","2.214","2.322","2.335","2.188","134.93K","-6.66%"
"Dec 29, 2015","2.372","2.238","2.387","2.235","12.46K","6.46%"
"Dec 28, 2015","2.228","2.082","2.248","2.067","65.77K","9.81%"
"Dec 24, 2015","2.029","1.994","2.052","1.977","47.51K","2.32%"
"Dec 23, 2015","1.983","1.912","2.009","1.871","102.22K","5.03%"
"Dec 22, 2015","1.888","1.929","1.939","1.863","112.28K","-1.20%"
"Dec 21, 2015","1.911","1.836","1.948","1.787","182.62K","8.15%"
"Dec 18, 2015","1.767","1.738","1.805","1.684","150.92K","0.68%"
"Dec 17, 2015","1.755","1.825","1.854","1.734","213.11K","-1.96%"
"Dec 16, 2015","1.790","1.804","1.849","1.775","157.97K","-1.76%"
"Dec 15, 2015","1.822","1.900","1.905","1.795","171.96K","-3.80%"
"Dec 14, 2015","1.894","1.913","1.923","1.862","140.55K","-4.82%"
"Dec 11, 2015","1.990","2.003","2.011","1.959","168.11K","-1.24%"
"Dec 10, 2015","2.015","2.065","2.099","1.999","186.40K","-2.28%"
"Dec 09, 2015","2.062","2.080","2.118","2.048","153.58K","-0.39%"
"Dec 08, 2015","2.070","2.068","2.093","2.014","172.50K","0.15%"
"Dec 07, 2015","2.067","2.159","2.162","2.060","188.74K","-5.44%"
"Dec 04, 2015","2.186","2.198","2.211","2.167","85.24K","0.23%"
"Dec 03, 2015","2.181","2.174","2.200","2.131","143.07K","0.74%"
"Dec 02, 2015","2.165","2.221","2.225","2.151","133.51K","-2.96%"
"Dec 01, 2015","2.231","2.230","2.259","2.193","140.27K","-0.18%"
"Nov 30, 2015","2.235","2.175","2.250","2.175","93.35K","1.04%"
"Nov 27, 2015","2.212","2.289","2.305","2.205","68.46K","-1.38%"
"Nov 26, 2015","2.243","2.301","2.302","2.237","-","1.68%"
"Nov 25, 2015","2.206","2.196","2.235","2.133","10.36K","0.27%"
"Nov 24, 2015","2.200","2.206","2.218","2.130","57.91K","-0.45%"
"Nov 23, 2015","2.210","2.111","2.226","2.051","83.26K","3.03%"
"Nov 20, 2015","2.145","2.260","2.275","2.123","136.87K","-5.76%"
"Nov 19, 2015","2.276","2.328","2.376","2.255","146.82K","-3.03%"
"Nov 18, 2015","2.347","2.368","2.410","2.328","104.25K","-1.01%"
"Nov 17, 2015","2.371","2.333","2.396","2.285","125.02K","-0.59%"
"Nov 16, 2015","2.385","2.449","2.460","2.330","157.36K","1.02%"
"Nov 13, 2015","2.361","2.285","2.391","2.284","167.72K","4.47%"
"Nov 12, 2015","2.260","2.265","2.313","2.234","151.54K","-0.13%"
"Nov 11, 2015","2.263","2.332","2.350","2.249","162.91K","-2.46%"
"Nov 10, 2015","2.320","2.305","2.364","2.292","149.63K","0.87%"
"Nov 09, 2015","2.300","2.373","2.387","2.274","151.38K","-2.99%"
"Nov 06, 2015","2.371","2.364","2.398","2.317","182.94K","0.30%"
"Nov 05, 2015","2.364","2.266","2.383","2.249","174.27K","4.51%"
"Nov 04, 2015","2.262","2.276","2.317","2.255","124.18K","0.40%"
"Nov 03, 2015","2.253","2.254","2.293","2.236","128.36K","-0.13%"
"Nov 02, 2015","2.256","2.268","2.278","2.231","122.90K","-2.80%"
"Oct 30, 2015","2.321","2.248","2.336","2.188","186.38K","2.84%"
"Oct 29, 2015","2.257","2.301","2.372","2.235","154.66K","11.02%"
"Oct 28, 2015","2.033","2.096","2.104","2.006","12.82K","-2.82%"
"Oct 27, 2015","2.092","2.074","2.115","1.948","76.12K","1.45%"
"Oct 26, 2015","2.062","2.221","2.238","2.050","133.21K","-9.80%"
"Oct 23, 2015","2.286","2.372","2.374","2.275","107.55K","-4.19%"
"Oct 22, 2015","2.386","2.398","2.435","2.356","138.91K","-0.75%"
"Oct 21, 2015","2.404","2.493","2.493","2.379","156.83K","-2.91%"
"Oct 20, 2015","2.476","2.453","2.499","2.444","147.32K","1.39%"
"Oct 19, 2015","2.442","2.464","2.481","2.435","95.86K","0.49%"
"Oct 16, 2015","2.430","2.453","2.466","2.410","119.25K","-0.94%"
"Oct 15, 2015","2.453","2.538","2.578","2.449","179.40K","-2.58%"
"Oct 14, 2015","2.518","2.499","2.539","2.472","146.83K","0.80%"
"Oct 13, 2015","2.498","2.544","2.555","2.487","149.91K","-1.46%"
"Oct 12, 2015","2.535","2.520","2.559","2.510","134.73K","1.32%"
"Oct 09, 2015","2.502","2.488","2.523","2.469","134.03K","0.16%"
"Oct 08, 2015","2.498","2.474","2.530","2.452","176.17K","0.97%"
"Oct 07, 2015","2.474","2.476","2.531","2.455","163.42K","0.16%"
"Oct 06, 2015","2.470","2.459","2.489","2.436","140.22K","0.82%"
"Oct 05, 2015","2.450","2.451","2.491","2.429","103.99K","-0.04%"
"Oct 02, 2015","2.451","2.429","2.471","2.403","113.07K","0.74%"
"Oct 01, 2015","2.433","2.522","2.541","2.420","165.22K","-3.61%"
"Sep 30, 2015","2.524","2.585","2.611","2.511","131.36K","-2.40%"
"Sep 29, 2015","2.586","2.669","2.673","2.581","115.76K","0.90%"
"Sep 28, 2015","2.563","2.608","2.640","2.549","11.24K","-0.04%"
"Sep 25, 2015","2.564","2.586","2.607","2.529","63.29K","-1.04%"
"Sep 24, 2015","2.591","2.568","2.594","2.521","73.24K","0.86%"
"Sep 23, 2015","2.569","2.576","2.604","2.558","102.00K","-0.31%"
"Sep 22, 2015","2.577","2.576","2.598","2.562","99.09K","0.16%"
"Sep 21, 2015","2.573","2.585","2.596","2.550","95.59K","-1.23%"
"Sep 18, 2015","2.605","2.644","2.665","2.602","84.02K","-1.77%"
"Sep 17, 2015","2.652","2.668","2.679","2.603","103.12K","-0.30%"
"Sep 16, 2015","2.660","2.734","2.736","2.657","134.43K","-2.49%"
"Sep 15, 2015","2.728","2.768","2.794","2.721","99.55K","-1.09%"
"Sep 14, 2015","2.758","2.702","2.775","2.692","147.62K","2.41%"
"Sep 11, 2015","2.693","2.677","2.717","2.660","104.41K","0.37%"
"Sep 10, 2015","2.683","2.661","2.733","2.656","184.22K","1.21%"
"Sep 09, 2015","2.651","2.693","2.707","2.641","129.97K","-2.18%"
"Sep 08, 2015","2.710","2.651","2.722","2.641","142.15K","1.90%"
"Sep 07, 2015","2.659","2.656","2.702","2.651","-","0.13%"
"Sep 06, 2015","2.656","2.644","2.657","2.644","-","0.04%"
"Sep 04, 2015","2.655","2.710","2.717","2.648","105.08K","-2.57%"
"Sep 03, 2015","2.725","2.638","2.735","2.633","157.04K","2.91%"
"Sep 02, 2015","2.648","2.689","2.699","2.632","81.04K","-2.00%"
"Sep 01, 2015","2.702","2.686","2.721","2.670","94.14K","0.48%"
"Aug 31, 2015","2.689","2.681","2.692","2.643","87.74K","-0.96%"
"Aug 28, 2015","2.715","2.677","2.725","2.664","80.83K","2.92%"
"Aug 27, 2015","2.638","2.681","2.696","2.629","9.81K","-2.04%"
"Aug 26, 2015","2.693","2.694","2.714","2.668","33.49K","0.30%"
"Aug 25, 2015","2.685","2.671","2.703","2.652","46.66K","1.32%"
"Aug 24, 2015","2.650","2.654","2.696","2.624","105.38K","-0.97%"
"Aug 21, 2015","2.676","2.753","2.760","2.670","114.84K","-2.87%"
"Aug 20, 2015","2.755","2.709","2.788","2.694","142.29K","1.44%"
"Aug 19, 2015","2.716","2.715","2.739","2.694","85.96K","0.44%"
"Aug 18, 2015","2.704","2.730","2.735","2.680","105.54K","-0.88%"
"Aug 17, 2015","2.728","2.774","2.788","2.718","120.55K","-2.61%"
"Aug 14, 2015","2.801","2.809","2.836","2.781","97.80K","0.50%"
"Aug 13, 2015","2.787","2.921","2.931","2.784","246.31K","-4.91%"
"Aug 12, 2015","2.931","2.858","2.934","2.852","197.56K","3.06%"
"Aug 11, 2015","2.844","2.835","2.861","2.796","143.15K","0.07%"
"Aug 10, 2015","2.842","2.835","2.852","2.818","132.72K","1.57%"
"Aug 07, 2015","2.798","2.805","2.824","2.761","155.08K","-0.53%"
"Aug 06, 2015","2.813","2.782","2.838","2.726","190.87K","0.54%"
"Aug 05, 2015","2.798","2.811","2.863","2.780","170.37K","-0.50%"
"Aug 04, 2015","2.812","2.757","2.821","2.752","140.06K","2.33%"
"Aug 03, 2015","2.748","2.725","2.785","2.707","130.21K","1.18%"
"Jul 31, 2015","2.716","2.782","2.788","2.706","117.37K","-1.88%"
"Jul 30, 2015","2.768","2.858","2.895","2.762","146.55K","-4.09%"
"Jul 29, 2015","2.886","2.841","2.895","2.831","10.82K","2.30%"
"Jul 28, 2015","2.821","2.796","2.852","2.777","52.15K","1.15%"
"Jul 27, 2015","2.789","2.745","2.820","2.735","44.02K","0.47%"
"Jul 24, 2015","2.776","2.807","2.815","2.773","62.91K","-1.42%"
"Jul 23, 2015","2.816","2.894","2.951","2.804","181.46K","-2.80%"
"Jul 22, 2015","2.897","2.890","2.915","2.841","108.39K","0.52%"
"Jul 21, 2015","2.882","2.840","2.894","2.822","94.01K","2.09%"
"Jul 20, 2015","2.823","2.843","2.874","2.785","141.07K","-1.64%"
"Jul 17, 2015","2.870","2.863","2.897","2.826","91.16K","0.56%"
"Jul 16, 2015","2.854","2.914","2.930","2.842","146.19K","-2.19%"
"Jul 15, 2015","2.918","2.845","2.929","2.832","147.62K","2.75%"
"Jul 14, 2015","2.840","2.868","2.934","2.822","151.86K","-0.84%"
"Jul 13, 2015","2.864","2.816","2.883","2.787","183.79K","3.39%"
"Jul 10, 2015","2.770","2.732","2.807","2.723","125.44K","1.61%"
"Jul 09, 2015","2.726","2.687","2.738","2.644","133.12K","1.53%"
"Jul 08, 2015","2.685","2.729","2.756","2.676","123.56K","-1.14%"
"Jul 07, 2015","2.716","2.758","2.800","2.688","128.81K","-1.45%"
"Jul 06, 2015","2.756","2.836","2.857","2.731","134.80K","-0.72%"
"Jul 03, 2015","2.776","2.839","2.855","2.763","-","-1.63%"
"Jul 02, 2015","2.822","2.798","2.885","2.795","156.31K","1.40%"
"Jul 01, 2015","2.783","2.816","2.856","2.761","124.69K","-1.73%"
"Jun 30, 2015","2.832","2.806","2.837","2.752","115.06K","0.96%"
"Jun 29, 2015","2.805","2.755","2.844","2.735","123.71K","1.15%"
"Jun 26, 2015","2.773","2.843","2.846","2.743","-","-2.70%"
"Jun 25, 2015","2.850","2.769","2.854","2.752","60.08K","3.30%"
"Jun 24, 2015","2.759","2.726","2.779","2.711","39.84K","1.21%"
"Jun 23, 2015","2.726","2.738","2.792","2.712","105.58K","-0.26%"
"Jun 22, 2015","2.733","2.749","2.753","2.715","117.99K","-2.95%"
"Jun 19, 2015","2.816","2.784","2.837","2.739","117.27K","1.40%"
"Jun 18, 2015","2.777","2.850","2.882","2.772","149.24K","-2.73%"
"Jun 17, 2015","2.855","2.903","2.955","2.839","166.03K","-1.35%"
"Jun 16, 2015","2.894","2.907","2.929","2.831","157.27K","0.17%"
"Jun 15, 2015","2.889","2.769","2.919","2.764","169.33K","5.05%"
"Jun 12, 2015","2.750","2.818","2.826","2.744","144.90K","-2.65%"
"Jun 11, 2015","2.825","2.906","2.919","2.814","188.96K","-2.28%"
"Jun 10, 2015","2.891","2.833","2.922","2.825","225.85K","1.58%"
"Jun 09, 2015","2.846","2.704","2.850","2.696","246.12K","5.21%"
"Jun 08, 2015","2.705","2.640","2.712","2.624","170.73K","4.44%"
"Jun 05, 2015","2.590","2.628","2.646","2.581","131.56K","-1.37%"
"Jun 04, 2015","2.626","2.639","2.675","2.556","166.24K","-0.30%"
"Jun 03, 2015","2.634","2.703","2.724","2.625","128.12K","-2.37%"
"Jun 02, 2015","2.698","2.652","2.723","2.599","145.37K","1.85%"
"Jun 01, 2015","2.649","2.615","2.672","2.603","125.93K","0.26%"
"May 29, 2015","2.642","2.716","2.722","2.633","126.73K","-2.37%"
"May 28, 2015","2.706","2.837","2.845","2.700","167.79K","-3.87%"
"May 27, 2015","2.815","2.827","2.887","2.797","11.49K","-0.25%"
"May 26, 2015","2.822","2.878","2.879","2.788","59.02K","-1.78%"
"May 25, 2015","2.873","2.871","2.888","2.869","-","0.05%"
"May 24, 2015","2.872","2.908","2.908","2.869","-","-0.54%"
"May 22, 2015","2.887","2.962","2.970","2.881","65.66K","-2.10%"
"May 21, 2015","2.949","2.939","3.038","2.920","146.21K","1.17%"
"May 20, 2015","2.915","2.961","3.021","2.902","113.97K","-1.12%"
"May 19, 2015","2.948","3.020","3.105","2.938","194.67K","-2.06%"
"May 18, 2015","3.010","2.983","3.048","2.978","95.16K","-0.20%"
"May 15, 2015","3.016","3.017","3.036","2.971","96.22K","0.27%"
"May 14, 2015","3.008","2.940","3.020","2.888","184.91K","2.49%"
"May 13, 2015","2.935","2.896","2.972","2.856","142.74K","1.31%"
"May 12, 2015","2.897","2.818","2.931","2.785","153.77K","3.39%"
"May 11, 2015","2.802","2.914","2.935","2.796","124.58K","-2.71%"
"May 08, 2015","2.880","2.735","2.888","2.725","201.29K","5.34%"
"May 07, 2015","2.734","2.772","2.821","2.711","149.38K","-1.51%"
"May 06, 2015","2.776","2.791","2.822","2.747","111.31K","-0.14%"
"May 05, 2015","2.780","2.808","2.821","2.766","83.53K","-1.45%"
"May 04, 2015","2.821","2.738","2.824","2.738","86.81K","1.62%"
"May 01, 2015","2.776","2.737","2.800","2.714","118.89K","0.91%"
"Apr 30, 2015","2.751","2.590","2.770","2.557","228.13K","5.56%"
"Apr 29, 2015","2.606","2.531","2.612","2.511","108.18K","3.54%"
"Apr 28, 2015","2.517","2.482","2.527","2.468","11.83K","1.08%"
"Apr 27, 2015","2.490","2.472","2.494","2.443","69.05K","-1.62%"
"Apr 24, 2015","2.531","2.546","2.561","2.518","39.87K","0.00%"
"Apr 23, 2015","2.531","2.602","2.605","2.520","133.45K","-2.88%"
"Apr 22, 2015","2.606","2.571","2.622","2.554","83.37K","1.20%"
"Apr 21, 2015","2.575","2.549","2.597","2.533","103.65K","1.54%"
"Apr 20, 2015","2.536","2.592","2.596","2.534","118.34K","-3.72%"
"Apr 17, 2015","2.634","2.682","2.693","2.625","86.59K","-1.86%"
"Apr 16, 2015","2.684","2.598","2.690","2.545","186.38K","2.84%"
"Apr 15, 2015","2.610","2.526","2.625","2.491","136.77K","3.16%"
"Apr 14, 2015","2.530","2.507","2.552","2.502","145.59K","0.76%"
"Apr 13, 2015","2.511","2.487","2.543","2.475","150.88K","0.00%"
"Apr 10, 2015","2.511","2.539","2.551","2.504","120.05K","-0.67%"
"Apr 09, 2015","2.528","2.624","2.646","2.522","171.40K","-3.47%"
"Apr 08, 2015","2.619","2.666","2.669","2.611","131.93K","-2.28%"
"Apr 07, 2015","2.680","2.655","2.709","2.647","105.70K","1.13%"
"Apr 06, 2015","2.650","2.681","2.698","2.633","70.63K","-2.32%"
"Apr 03, 2015","2.713","2.713","2.713","2.713","-","0.00%"
"Apr 02, 2015","2.713","2.601","2.719","2.591","138.65K","4.15%"
"Apr 01, 2015","2.605","2.637","2.670","2.583","99.02K","-1.33%"
"Mar 31, 2015","2.640","2.640","2.686","2.622","76.71K","-0.15%"
"Mar 30, 2015","2.644","2.624","2.673","2.608","77.70K","2.08%"
"Mar 27, 2015","2.590","2.666","2.675","2.578","13.46K","-3.07%"
"Mar 26, 2015","2.672","2.733","2.756","2.649","49.63K","-1.87%"
"Mar 25, 2015","2.723","2.784","2.793","2.712","54.87K","-2.26%"
"Mar 24, 2015","2.786","2.751","2.810","2.735","87.79K","1.94%"
"Mar 23, 2015","2.733","2.741","2.756","2.691","111.02K","-1.90%"
"Mar 20, 2015","2.786","2.831","2.919","2.762","145.54K","-0.96%"
"Mar 19, 2015","2.813","2.909","2.928","2.776","141.09K","-3.66%"
"Mar 18, 2015","2.920","2.854","2.935","2.775","153.51K","2.28%"
"Mar 17, 2015","2.855","2.742","2.858","2.740","159.24K","5.12%"
"Mar 16, 2015","2.716","2.705","2.748","2.680","82.67K","-0.40%"
"Mar 13, 2015","2.727","2.749","2.759","2.674","95.87K","-0.26%"
"Mar 12, 2015","2.734","2.828","2.864","2.725","155.48K","-3.19%"
"Mar 11, 2015","2.824","2.716","2.848","2.662","149.11K","3.37%"
"Mar 10, 2015","2.732","2.693","2.741","2.683","87.60K","2.02%"
"Mar 09, 2015","2.678","2.775","2.778","2.668","160.37K","-5.67%"
"Mar 06, 2015","2.839","2.828","2.870","2.783","118.19K","-0.07%"
"Mar 05, 2015","2.841","2.777","2.864","2.743","158.57K","2.60%"
"Mar 04, 2015","2.769","2.713","2.783","2.712","100.32K","2.10%"
"Mar 03, 2015","2.712","2.658","2.734","2.641","90.00K","0.52%"
"Mar 02, 2015","2.698","2.691","2.753","2.650","93.38K","-1.32%"
"Feb 27, 2015","2.734","2.707","2.745","2.684","98.79K","1.37%"
"Feb 26, 2015","2.697","2.875","2.888","2.689","161.32K","-6.81%"
"Feb 25, 2015","2.894","2.922","2.966","2.852","12.47K","-0.28%"
"Feb 24, 2015","2.902","2.869","2.972","2.827","79.66K","0.80%"
"Feb 23, 2015","2.879","2.963","3.039","2.845","64.99K","-2.44%"
"Feb 20, 2015","2.951","2.815","2.984","2.801","121.86K","4.13%"
"Feb 19, 2015","2.834","2.825","2.885","2.772","146.52K","0.11%"
"Feb 18, 2015","2.831","2.780","2.841","2.732","118.99K","2.61%"
"Feb 17, 2015","2.759","2.818","2.896","2.697","169.19K","-3.11%"
"Feb 16, 2015","2.848","2.827","2.895","2.812","-","0.71%"
"Feb 15, 2015","2.828","2.819","2.838","2.788","-","0.84%"
"Feb 13, 2015","2.804","2.715","2.811","2.656","141.01K","3.35%"
"Feb 12, 2015","2.713","2.835","2.883","2.679","228.32K","-3.00%"
"Feb 11, 2015","2.797","2.693","2.857","2.685","211.50K","4.48%"
"Feb 10, 2015","2.677","2.620","2.746","2.609","185.72K","3.08%"
"Feb 09, 2015","2.597","2.659","2.688","2.571","151.19K","0.70%"
"Feb 06, 2015","2.579","2.594","2.632","2.567","132.15K","-0.81%"
"Feb 05, 2015","2.600","2.661","2.698","2.578","131.28K","-2.33%"
"Feb 04, 2015","2.662","2.766","2.779","2.649","109.56K","-3.34%"
"Feb 03, 2015","2.754","2.692","2.783","2.650","122.98K","2.76%"
"Feb 02, 2015","2.680","2.664","2.707","2.608","101.83K","-0.41%"
"Jan 30, 2015","2.691","2.732","2.733","2.637","110.32K","-1.03%"
"Jan 29, 2015","2.719","2.852","2.924","2.672","171.78K","-5.13%"
"Jan 28, 2015","2.866","2.917","2.930","2.828","13.55K","-3.86%"
"Jan 27, 2015","2.981","2.895","3.005","2.888","55.62K","3.47%"
"Jan 26, 2015","2.881","2.897","2.955","2.841","62.58K","-3.52%"
"Jan 23, 2015","2.986","2.858","2.994","2.855","99.07K","5.33%"
"Jan 22, 2015","2.835","3.000","3.048","2.766","169.45K","-4.67%"
"Jan 21, 2015","2.974","2.892","3.015","2.867","163.87K","5.05%"
"Jan 20, 2015","2.831","3.045","3.045","2.821","169.83K","-4.70%"
"Jan 19, 2015","2.970","2.992","3.040","2.953","-","-0.65%"
"Jan 18, 2015","2.990","3.036","3.043","2.978","-","-4.38%"
"Jan 16, 2015","3.127","3.191","3.228","3.024","152.32K","-0.98%"
"Jan 15, 2015","3.158","3.301","3.352","3.057","219.15K","-2.32%"
"Jan 14, 2015","3.233","2.954","3.337","2.932","233.23K","9.85%"
"Jan 13, 2015","2.943","2.815","2.971","2.795","137.91K","5.30%"
"Jan 12, 2015","2.795","2.917","2.934","2.783","130.40K","-5.13%"
"Jan 09, 2015","2.946","2.959","2.990","2.888","107.33K","0.65%"
"Jan 08, 2015","2.927","2.877","2.968","2.816","147.80K","1.95%"
"Jan 07, 2015","2.871","2.949","3.012","2.825","134.83K","-2.28%"
"Jan 06, 2015","2.938","2.921","2.955","2.811","111.34K","1.94%"
"Jan 05, 2015","2.882","3.076","3.176","2.875","141.78K","-4.03%"
"Jan 02, 2015","3.003","2.845","3.096","2.805","109.12K","5.70%"
"Jan 01, 2015","2.841","2.916","2.916","2.825","-","-1.66%"
"Dec 31, 2014","2.889","3.095","3.130","2.882","115.58K","-6.63%"
"Dec 30, 2014","3.094","3.168","3.178","3.079","69.72K","-2.98%"
"Dec 29, 2014","3.189","3.053","3.207","3.018","13.60K","6.05%"
"Dec 26, 2014","3.007","3.067","3.098","2.973","37.87K","-2.76%"
"Dec 25, 2014","3.092","3.033","3.093","3.033","-","2.06%"
"Dec 24, 2014","3.030","3.170","3.190","3.000","50.88K","-4.45%"
"Dec 23, 2014","3.171","3.171","3.234","3.098","90.10K","0.86%"
"Dec 22, 2014","3.144","3.350","3.351","3.120","154.68K","-9.24%"
"Dec 19, 2014","3.464","3.661","3.677","3.444","120.01K","-4.89%"
"Dec 18, 2014","3.642","3.701","3.805","3.636","132.94K","-1.62%"
"Dec 17, 2014","3.702","3.621","3.724","3.614","89.06K","2.29%"
"Dec 16, 2014","3.619","3.736","3.789","3.605","108.39K","-2.69%"
"Dec 15, 2014","3.719","3.930","3.936","3.699","134.65K","-2.00%"
"Dec 12, 2014","3.795","3.648","3.826","3.644","124.56K","4.43%"
"Dec 11, 2014","3.634","3.716","3.778","3.614","168.06K","-1.94%"
"Dec 10, 2014","3.706","3.650","3.743","3.606","141.14K","1.48%"
"Dec 09, 2014","3.652","3.620","3.709","3.608","146.87K","1.59%"
"Dec 08, 2014","3.595","3.777","3.785","3.585","159.08K","-5.44%"
"Dec 05, 2014","3.802","3.676","3.824","3.664","162.63K","4.19%"
"Dec 04, 2014","3.649","3.787","3.808","3.638","143.65K","-4.10%"
"Dec 03, 2014","3.805","3.863","3.866","3.757","131.45K","-1.78%"
"Dec 02, 2014","3.874","4.023","4.026","3.856","144.38K","-3.32%"
"Dec 01, 2014","4.007","3.975","4.041","3.928","181.56K","-1.98%"
"Nov 28, 2014","4.088","4.341","4.367","4.075","94.59K","-2.48%"
"Nov 27, 2014","4.192","4.353","4.366","4.188","-","-3.74%"
"Nov 26, 2014","4.355","4.438","4.529","4.330","131.62K","1.70%"
"Nov 25, 2014","4.282","4.154","4.319","4.098","14.64K","3.16%"
"Nov 24, 2014","4.151","4.047","4.158","4.006","77.92K","-2.70%"
"Nov 21, 2014","4.266","4.460","4.532","4.233","98.33K","-4.97%"
"Nov 20, 2014","4.489","4.408","4.503","4.250","220.24K","2.70%"
"Nov 19, 2014","4.371","4.266","4.508","4.194","190.23K","2.99%"
"Nov 18, 2014","4.244","4.303","4.336","4.149","211.10K","-2.23%"
"Nov 17, 2014","4.341","4.148","4.347","4.113","164.39K","7.99%"
"Nov 14, 2014","4.020","3.978","4.074","3.931","153.09K","1.08%"
"Nov 13, 2014","3.977","4.155","4.175","3.962","169.77K","-4.97%"
"Nov 12, 2014","4.185","4.218","4.227","4.143","140.52K","-1.46%"
"Nov 11, 2014","4.247","4.266","4.311","4.121","173.54K","-0.19%"
"Nov 10, 2014","4.255","4.509","4.544","4.246","176.12K","-3.56%"
"Nov 07, 2014","4.412","4.429","4.494","4.282","219.41K","0.18%"
"Nov 06, 2014","4.404","4.209","4.457","4.111","252.18K","5.01%"
"Nov 05, 2014","4.194","4.144","4.315","4.132","178.92K","1.57%"
"Nov 04, 2014","4.129","4.041","4.179","4.029","188.24K","2.05%"
"Nov 03, 2014","4.046","4.007","4.065","3.989","155.26K","4.47%"
"Oct 31, 2014","3.873","3.858","3.955","3.835","153.51K","1.20%"
"Oct 30, 2014","3.827","3.793","3.873","3.768","101.28K","2.66%"
"Oct 29, 2014","3.728","3.658","3.765","3.616","12.88K","2.16%"
"Oct 28, 2014","3.649","3.572","3.677","3.541","59.57K","2.47%"
"Oct 27, 2014","3.561","3.620","3.644","3.547","50.69K","-1.71%"
"Oct 24, 2014","3.623","3.653","3.654","3.558","79.06K","0.03%"
"Oct 23, 2014","3.622","3.662","3.683","3.590","135.30K","-1.01%"
"Oct 22, 2014","3.659","3.700","3.718","3.651","79.90K","-1.40%"
"Oct 21, 2014","3.711","3.652","3.716","3.631","96.00K","1.12%"
"Oct 20, 2014","3.670","3.721","3.745","3.662","87.72K","-2.55%"
"Oct 17, 2014","3.766","3.817","3.817","3.715","89.23K","-0.79%"
"Oct 16, 2014","3.796","3.811","3.834","3.744","106.14K","-0.11%"
"Oct 15, 2014","3.800","3.836","3.857","3.764","101.22K","-0.42%"
"Oct 14, 2014","3.816","3.922","3.955","3.806","123.22K","-2.55%"
"Oct 13, 2014","3.916","3.836","3.927","3.820","113.23K","1.48%"
"Oct 10, 2014","3.859","3.857","3.888","3.833","87.70K","0.36%"
"Oct 09, 2014","3.845","3.861","3.941","3.815","170.17K","-0.26%"
"Oct 08, 2014","3.855","3.939","3.947","3.837","142.58K","-2.58%"
"Oct 07, 2014","3.957","3.914","3.968","3.866","141.15K","1.51%"
"Oct 06, 2014","3.898","4.000","4.000","3.887","103.48K","-3.49%"
"Oct 03, 2014","4.039","3.960","4.047","3.945","96.96K","2.72%"
"Oct 02, 2014","3.932","4.032","4.059","3.908","140.32K","-2.26%"
"Oct 01, 2014","4.023","4.130","4.184","4.017","112.37K","-2.38%"
"Sep 30, 2014","4.121","4.134","4.178","4.098","125.73K","-0.79%"
"Sep 29, 2014","4.154","4.032","4.162","4.011","129.26K","4.27%"
"Sep 26, 2014","3.984","3.963","3.996","3.919","9.98K","0.33%"
"Sep 25, 2014","3.971","3.895","3.974","3.823","80.68K","1.53%"
"Sep 24, 2014","3.911","3.833","3.922","3.796","52.71K","2.49%"
"Sep 23, 2014","3.816","3.852","3.903","3.813","76.26K","-0.88%"
"Sep 22, 2014","3.850","3.840","3.878","3.804","89.39K","0.34%"
"Sep 19, 2014","3.837","3.908","3.922","3.834","84.73K","-1.87%"
"Sep 18, 2014","3.910","4.009","4.027","3.897","127.10K","-2.57%"
"Sep 17, 2014","4.013","3.991","4.040","3.960","105.99K","0.45%"
"Sep 16, 2014","3.995","3.932","3.999","3.863","114.57K","1.63%"
"Sep 15, 2014","3.931","3.841","3.952","3.839","136.72K","1.92%"
"Sep 12, 2014","3.857","3.844","3.859","3.786","106.44K","0.89%"
"Sep 11, 2014","3.823","3.954","3.963","3.809","149.89K","-3.31%"
"Sep 10, 2014","3.954","3.978","3.994","3.937","77.07K","-0.75%"
"Sep 09, 2014","3.984","3.887","4.016","3.853","175.06K","2.79%"
"Sep 08, 2014","3.876","3.783","3.898","3.761","104.50K","2.19%"
"Sep 05, 2014","3.793","3.838","3.848","3.781","72.55K","-0.68%"
"Sep 04, 2014","3.819","3.853","3.879","3.789","125.45K","-0.73%"
"Sep 03, 2014","3.847","3.891","3.917","3.829","109.71K","-1.11%"
"Sep 02, 2014","3.890","4.048","4.078","3.885","143.80K","-4.05%"
"Sep 01, 2014","4.054","4.050","4.073","4.024","-","-0.27%"
"Aug 29, 2014","4.065","4.056","4.085","4.012","72.91K","0.52%"
"Aug 28, 2014","4.044","4.009","4.101","3.973","130.27K","2.20%"
"Aug 27, 2014","3.957","3.934","3.996","3.897","11.54K","1.18%"
"Aug 26, 2014","3.911","3.936","3.978","3.899","41.26K","-0.66%"
"Aug 25, 2014","3.937","3.869","3.944","3.843","51.21K","2.53%"
"Aug 22, 2014","3.840","3.880","3.893","3.828","54.54K","-1.26%"
"Aug 21, 2014","3.889","3.831","3.955","3.786","121.32K","1.73%"
"Aug 20, 2014","3.823","3.870","3.888","3.792","94.97K","-1.39%"
"Aug 19, 2014","3.877","3.790","3.915","3.780","98.69K","2.24%"
"Aug 18, 2014","3.792","3.746","3.825","3.727","90.65K","0.42%"
"Aug 15, 2014","3.776","3.885","3.906","3.763","99.79K","-3.33%"
"Aug 14, 2014","3.906","3.813","3.947","3.799","150.08K","1.96%"
"Aug 13, 2014","3.831","3.979","3.986","3.812","153.54K","-3.60%"
"Aug 12, 2014","3.974","3.991","4.020","3.954","98.80K","0.23%"
"Aug 11, 2014","3.965","3.988","4.012","3.922","116.80K","0.08%"
"Aug 08, 2014","3.962","3.877","3.975","3.872","117.92K","2.22%"
"Aug 07, 2014","3.876","3.946","3.981","3.858","155.89K","-1.45%"
"Aug 06, 2014","3.933","3.897","3.950","3.876","78.03K","0.92%"
"Aug 05, 2014","3.897","3.841","3.915","3.826","81.11K","1.64%"
"Aug 04, 2014","3.834","3.786","3.853","3.761","65.39K","0.95%"
"Aug 01, 2014","3.798","3.829","3.877","3.781","89.63K","-1.12%"
"Jul 31, 2014","3.841","3.787","3.890","3.760","131.86K","1.45%"
"Jul 30, 2014","3.786","3.821","3.830","3.749","67.34K","-0.58%"
"Jul 29, 2014","3.808","3.737","3.834","3.723","12.01K","1.63%"
"Jul 28, 2014","3.747","3.736","3.850","3.728","52.29K","-0.90%"
"Jul 25, 2014","3.781","3.842","3.862","3.764","34.66K","-1.72%"
"Jul 24, 2014","3.847","3.767","3.886","3.744","91.78K","2.26%"
"Jul 23, 2014","3.762","3.758","3.817","3.752","58.12K","-0.27%"
"Jul 22, 2014","3.772","3.853","3.866","3.756","86.61K","-2.00%"
"Jul 21, 2014","3.849","3.883","3.893","3.827","96.11K","-2.58%"
"Jul 18, 2014","3.951","3.962","3.976","3.934","56.03K","-0.08%"
"Jul 17, 2014","3.954","4.109","4.110","3.936","150.97K","-4.01%"
"Jul 16, 2014","4.119","4.087","4.146","4.084","58.85K","0.54%"
"Jul 15, 2014","4.097","4.157","4.158","4.081","81.09K","-1.21%"
"Jul 14, 2014","4.147","4.145","4.173","4.092","91.73K","0.02%"
"Jul 11, 2014","4.146","4.126","4.159","4.106","62.70K","0.63%"
"Jul 10, 2014","4.120","4.173","4.193","4.108","116.15K","-1.20%"
"Jul 09, 2014","4.170","4.205","4.230","4.163","89.08K","-0.81%"
"Jul 08, 2014","4.204","4.228","4.238","4.129","127.05K","-0.50%"
"Jul 07, 2014","4.225","4.398","4.356","4.200","112.62K","-3.30%"
"Jul 04, 2014","4.369","4.393","4.394","4.343","-","-0.84%"
"Jul 03, 2014","4.406","4.358","4.411","4.329","92.67K","1.12%"
"Jul 02, 2014","4.357","4.444","4.459","4.338","93.03K","-2.20%"
"Jul 01, 2014","4.455","4.447","4.488","4.403","63.69K","-0.13%"
"Jun 30, 2014","4.461","4.419","4.493","4.378","87.44K","1.18%"
"Jun 27, 2014","4.409","4.444","4.466","4.375","76.33K","0.20%"
"Jun 26, 2014","4.400","4.557","4.597","4.350","11.47K","-3.36%"
"Jun 25, 2014","4.553","4.525","4.587","4.517","40.58K","0.40%"
"Jun 24, 2014","4.535","4.437","4.556","4.431","57.87K","2.00%"
"Jun 23, 2014","4.446","4.522","4.577","4.436","67.38K","-1.88%"
"Jun 20, 2014","4.531","4.572","4.614","4.516","76.73K","-1.16%"
"Jun 19, 2014","4.584","4.650","4.700","4.559","155.81K","-1.61%"
"Jun 18, 2014","4.659","4.704","4.773","4.646","84.96K","-1.06%"
"Jun 17, 2014","4.709","4.707","4.739","4.672","77.37K","0.04%"
"Jun 16, 2014","4.707","4.757","4.886","4.669","113.45K","-0.68%"
"Jun 13, 2014","4.739","4.754","4.793","4.716","111.22K","-0.48%"
"Jun 12, 2014","4.762","4.526","4.769","4.520","229.86K","5.63%"
"Jun 11, 2014","4.508","4.535","4.573","4.504","112.26K","-0.49%"
"Jun 10, 2014","4.530","4.630","4.636","4.520","151.78K","-2.48%"
"Jun 09, 2014","4.645","4.714","4.743","4.630","131.65K","-1.38%"
"Jun 06, 2014","4.710","4.701","4.736","4.679","109.21K","0.19%"
"Jun 05, 2014","4.701","4.640","4.723","4.586","153.43K","1.31%"
"Jun 04, 2014","4.640","4.615","4.653","4.576","74.95K","0.24%"
"Jun 03, 2014","4.629","4.617","4.662","4.593","81.59K","0.37%"
"Jun 02, 2014","4.612","4.551","4.620","4.522","83.38K","1.54%"
"May 30, 2014","4.542","4.582","4.592","4.489","101.47K","-0.37%"
"May 29, 2014","4.559","4.608","4.665","4.529","136.18K","-1.30%"
"May 28, 2014","4.619","4.496","4.635","4.482","11.55K","2.53%"
"May 27, 2014","4.505","4.406","4.512","4.360","50.75K","2.51%"
"May 26, 2014","4.394","4.398","4.406","4.390","-","-0.24%"
"May 23, 2014","4.405","4.374","4.411","4.358","38.69K","1.06%"
"May 22, 2014","4.359","4.489","4.515","4.349","114.37K","-2.55%"
"May 21, 2014","4.473","4.536","4.575","4.466","88.11K","-1.74%"
"May 20, 2014","4.552","4.474","4.570","4.430","103.25K","1.83%"
"May 19, 2014","4.470","4.414","4.523","4.390","78.21K","1.29%"
"May 16, 2014","4.413","4.449","4.458","4.407","55.34K","-1.25%"
"May 15, 2014","4.469","4.384","4.509","4.289","126.59K","2.34%"
"May 14, 2014","4.367","4.372","4.403","4.339","73.56K","0.21%"
"May 13, 2014","4.358","4.407","4.469","4.347","124.37K","-1.71%"
"May 12, 2014","4.434","4.535","4.549","4.396","109.25K","-2.14%"
"May 09, 2014","4.531","4.586","4.598","4.498","97.29K","-0.90%"
"May 08, 2014","4.572","4.750","4.754","4.560","158.08K","-3.54%"
"May 07, 2014","4.740","4.786","4.827","4.706","100.37K","-1.23%"
"May 06, 2014","4.799","4.702","4.806","4.692","98.74K","2.37%"
"May 05, 2014","4.688","4.775","4.775","4.651","61.24K","0.30%"
"May 02, 2014","4.674","4.730","4.765","4.672","62.42K","-0.95%"
"May 01, 2014","4.719","4.797","4.823","4.707","101.31K","-1.99%"
"Apr 30, 2014","4.815","4.838","4.852","4.751","82.54K","-0.33%"
"Apr 29, 2014","4.831","4.770","4.848","4.754","98.63K","0.75%"
"Apr 28, 2014","4.795","4.642","4.808","4.636","13.73K","3.18%"
"Apr 25, 2014","4.647","4.688","4.720","4.632","46.90K","-1.23%"
"Apr 24, 2014","4.705","4.723","4.805","4.674","80.84K","-0.53%"
"Apr 23, 2014","4.730","4.753","4.785","4.716","65.04K","-0.19%"
"Apr 22, 2014","4.739","4.695","4.757","4.677","78.37K","0.89%"
"Apr 21, 2014","4.697","4.756","4.789","4.687","84.80K","-0.93%"
"Apr 17, 2014","4.741","4.532","4.746","4.484","169.76K","4.66%"
"Apr 16, 2014","4.530","4.571","4.603","4.523","66.14K","-0.81%"
"Apr 15, 2014","4.567","4.575","4.633","4.511","98.18K","0.15%"
"Apr 14, 2014","4.560","4.620","4.646","4.539","79.20K","-1.30%"
"Apr 11, 2014","4.620","4.635","4.673","4.605","114.00K","-0.75%"
"Apr 10, 2014","4.655","4.561","4.703","4.522","201.91K","1.50%"
"Apr 09, 2014","4.586","4.534","4.593","4.498","128.93K","1.15%"
"Apr 08, 2014","4.534","4.469","4.552","4.456","124.60K","1.30%"
"Apr 07, 2014","4.476","4.443","4.528","4.430","121.45K","0.83%"
"Apr 04, 2014","4.439","4.431","4.478","4.404","70.47K","-0.69%"
"Apr 03, 2014","4.470","4.369","4.483","4.313","101.68K","2.43%"
"Apr 02, 2014","4.364","4.262","4.390","4.221","104.46K","2.06%"
"Apr 01, 2014","4.276","4.367","4.390","4.251","108.60K","-2.17%"
"Mar 31, 2014","4.371","4.482","4.487","4.337","117.49K","-2.54%"
"Mar 28, 2014","4.485","4.517","4.568","4.471","68.38K","-2.16%"
"Mar 27, 2014","4.584","4.395","4.615","4.372","12.43K","4.13%"
"Mar 26, 2014","4.402","4.406","4.428","4.352","50.39K","-0.20%"
"Mar 25, 2014","4.411","4.288","4.430","4.263","60.15K","3.16%"
"Mar 24, 2014","4.276","4.312","4.350","4.262","63.83K","-0.86%"
"Mar 21, 2014","4.313","4.377","4.378","4.286","70.15K","-1.28%"
"Mar 20, 2014","4.369","4.471","4.474","4.349","115.25K","-2.56%"
"Mar 19, 2014","4.484","4.467","4.504","4.420","61.53K","0.63%"
"Mar 18, 2014","4.456","4.515","4.549","4.446","70.75K","-1.76%"
"Mar 17, 2014","4.536","4.504","4.587","4.482","91.77K","2.51%"
"Mar 14, 2014","4.425","4.375","4.439","4.341","70.47K","0.96%"
"Mar 13, 2014","4.383","4.493","4.496","4.355","130.72K","-2.38%"
"Mar 12, 2014","4.490","4.604","4.631","4.448","117.74K","-2.50%"
"Mar 11, 2014","4.605","4.658","4.683","4.572","96.08K","-0.99%"
"Mar 10, 2014","4.651","4.623","4.733","4.556","123.08K","0.71%"
"Mar 07, 2014","4.618","4.641","4.681","4.566","81.50K","-0.94%"
"Mar 06, 2014","4.662","4.566","4.695","4.506","146.17K","3.07%"
"Mar 05, 2014","4.523","4.657","4.722","4.507","122.29K","-3.09%"
"Mar 04, 2014","4.667","4.499","4.676","4.490","137.05K","3.90%"
"Mar 03, 2014","4.492","4.690","4.736","4.463","128.97K","-2.54%"
"Feb 28, 2014","4.609","4.480","4.658","4.451","111.33K","2.17%"
"Feb 27, 2014","4.511","4.522","4.567","4.441","133.09K","-7.09%"
"Feb 26, 2014","4.855","4.957","5.005","4.660","17.97K","-4.73%"
"Feb 25, 2014","5.096","5.464","5.492","4.788","81.45K","-6.41%"
"Feb 24, 2014","5.445","6.300","6.493","5.380","116.69K","-11.25%"
"Feb 21, 2014","6.135","6.068","6.308","5.880","127.85K","1.17%"
"Feb 20, 2014","6.064","6.095","6.400","5.882","180.03K","-1.38%"
"Feb 19, 2014","6.149","5.565","6.275","5.560","242.49K","10.77%"
"Feb 18, 2014","5.551","5.384","5.612","5.371","192.54K","0.43%"
"Feb 17, 2014","5.528","5.446","5.533","5.372","-","6.01%"
"Feb 14, 2014","5.214","5.279","5.389","5.140","206.72K","-0.17%"
"Feb 13, 2014","5.223","4.828","5.239","4.818","240.24K","8.32%"
"Feb 12, 2014","4.822","4.942","5.028","4.780","220.39K","-0.04%"
"Feb 11, 2014","4.824","4.607","4.970","4.570","171.25K","5.35%"
"Feb 10, 2014","4.579","4.660","4.787","4.563","169.48K","-4.10%"
"Feb 07, 2014","4.775","5.030","5.049","4.739","188.05K","-3.16%"
"Feb 06, 2014","4.931","5.165","5.396","4.896","200.08K","-1.97%"
"Feb 05, 2014","5.030","5.284","5.737","4.990","256.13K","-6.42%"
"Feb 04, 2014","5.375","4.953","5.397","4.942","205.52K","9.58%"
"Feb 03, 2014","4.905","4.850","4.986","4.751","123.16K","-0.77%"
"Jan 31, 2014","4.943","4.900","4.995","4.721","187.07K","-1.36%"
"Jan 30, 2014","5.011","5.467","5.477","4.900","287.69K","-9.83%"
"Jan 29, 2014","5.557","4.992","5.725","4.901","17.60K","10.41%"
"Jan 28, 2014","5.033","4.900","5.115","4.867","72.61K","3.84%"
"Jan 27, 2014","4.847","5.153","5.442","4.828","146.76K","-6.46%"
"Jan 24, 2014","5.182","4.835","5.246","4.813","231.26K","9.56%"
"Jan 23, 2014","4.730","4.699","4.947","4.653","211.24K","0.87%"
"Jan 22, 2014","4.689","4.470","4.725","4.433","202.37K","5.82%"
"Jan 21, 2014","4.431","4.236","4.475","4.203","151.39K","3.20%"
"Jan 20, 2014","4.293","4.247","4.300","4.237","-","-0.75%"
"Jan 17, 2014","4.326","4.370","4.385","4.293","123.00K","-1.28%"
"Jan 16, 2014","4.382","4.335","4.495","4.316","263.60K","1.32%"
"Jan 15, 2014","4.325","4.353","4.432","4.318","154.47K","-1.01%"
"Jan 14, 2014","4.369","4.308","4.382","4.287","158.28K","2.22%"
"Jan 13, 2014","4.274","4.120","4.313","4.118","177.32K","5.45%"
"Jan 10, 2014","4.053","4.029","4.099","3.953","152.20K","1.20%"
"Jan 09, 2014","4.005","4.187","4.194","3.999","193.82K","-5.00%"
"Jan 08, 2014","4.216","4.327","4.365","4.180","134.37K","-1.93%"
"Jan 07, 2014","4.299","4.308","4.430","4.262","159.42K","-0.16%"
"Jan 06, 2014","4.306","4.313","4.379","4.266","91.96K","0.05%"
"Jan 03, 2014","4.304","4.298","4.390","4.206","141.97K","-0.39%"
"Jan 02, 2014","4.321","4.232","4.331","4.213","98.00K","2.10%"
"Jan 01, 2014","4.232","4.251","4.252","4.231","-","0.05%"
"Dec 31, 2013","4.230","4.435","4.448","4.224","105.30K","-4.45%"
"Dec 30, 2013","4.427","4.403","4.472","4.403","81.55K","0.45%"
"Dec 27, 2013","4.407","4.433","4.438","4.338","15.19K","-0.59%"
"Dec 26, 2013","4.433","4.439","4.465","4.377","40.69K","0.38%"
"Dec 24, 2013","4.416","4.469","4.486","4.384","35.58K","-1.05%"
"Dec 23, 2013","4.463","4.490","4.532","4.456","83.22K","1.02%"
"Dec 20, 2013","4.418","4.471","4.492","4.402","115.41K","-0.94%"
"Dec 19, 2013","4.460","4.270","4.471","4.268","200.34K","4.92%"
"Dec 18, 2013","4.251","4.288","4.334","4.244","133.92K","-0.84%"
"Dec 17, 2013","4.287","4.265","4.326","4.194","141.77K","0.19%"
"Dec 16, 2013","4.279","4.275","4.318","4.203","163.41K","-1.65%"
"Dec 13, 2013","4.351","4.389","4.443","4.341","158.93K","-1.32%"
"Dec 12, 2013","4.409","4.345","4.434","4.307","252.80K","1.66%"
"Dec 11, 2013","4.337","4.251","4.348","4.172","242.55K","2.36%"
"Dec 10, 2013","4.237","4.240","4.287","4.199","209.52K","0.12%"
"Dec 09, 2013","4.232","4.148","4.248","4.139","177.84K","2.87%"
"Dec 06, 2013","4.114","4.144","4.199","4.103","218.99K","-0.44%"
"Dec 05, 2013","4.132","3.965","4.152","3.951","247.40K","4.34%"
"Dec 04, 2013","3.960","3.980","4.013","3.953","104.51K","-0.40%"
"Dec 03, 2013","3.976","3.975","4.017","3.945","130.05K","-0.30%"
"Dec 02, 2013","3.988","3.911","3.993","3.897","129.86K","0.86%"
"Nov 29, 2013","3.954","3.895","3.962","3.873","89.36K","0.65%"
"Nov 28, 2013","3.928","3.904","3.942","3.874","-","0.86%"
"Nov 27, 2013","3.895","3.866","3.918","3.834","109.47K","2.02%"
"Nov 26, 2013","3.818","3.795","3.837","3.741","15.99K","0.77%"
"Nov 25, 2013","3.789","3.814","3.849","3.753","69.27K","0.56%"
"Nov 22, 2013","3.768","3.703","3.787","3.682","64.34K","1.78%"
"Nov 21, 2013","3.702","3.670","3.743","3.661","113.94K","0.76%"
"Nov 20, 2013","3.674","3.558","3.681","3.549","124.15K","3.32%"
"Nov 19, 2013","3.556","3.614","3.647","3.545","106.15K","-1.69%"
"Nov 18, 2013","3.617","3.681","3.705","3.611","117.34K","-1.17%"
"Nov 15, 2013","3.660","3.612","3.667","3.575","95.00K","1.53%"
"Nov 14, 2013","3.605","3.556","3.624","3.491","139.89K","1.09%"
"Nov 13, 2013","3.566","3.646","3.662","3.540","115.26K","-1.41%"
"Nov 12, 2013","3.617","3.581","3.656","3.561","110.42K","1.20%"
"Nov 11, 2013","3.574","3.586","3.598","3.542","89.46K","0.42%"
"Nov 08, 2013","3.559","3.520","3.589","3.510","80.00K","1.14%"
"Nov 07, 2013","3.519","3.495","3.622","3.483","171.29K","0.60%"
"Nov 06, 2013","3.498","3.482","3.547","3.453","124.02K","0.92%"
"Nov 05, 2013","3.466","3.443","3.491","3.379","126.61K","0.61%"
"Nov 04, 2013","3.445","3.475","3.475","3.406","100.68K","-1.94%"
"Nov 01, 2013","3.513","3.574","3.578","3.508","115.05K","-1.90%"