"Date","Price","Open","High","Low","Change %"
"Nov 01, 2018","8.3704","8.4341","8.4349","8.3538","-0.76%"
"Oct 31, 2018","8.4341","8.4097","8.4527","8.3985","0.24%"
"Oct 30, 2018","8.4139","8.3943","8.4240","8.3698","0.24%"
"Oct 29, 2018","8.3935","8.3500","8.3985","8.3265","0.41%"
"Oct 28, 2018","8.3594","8.3539","8.3595","8.3508","0.09%"
"Oct 26, 2018","8.3516","8.3427","8.3955","8.3267","0.10%"
"Oct 25, 2018","8.3432","8.3512","8.3644","8.3033","-0.10%"
"Oct 24, 2018","8.3515","8.2890","8.3518","8.2696","0.73%"
"Oct 23, 2018","8.2909","8.2586","8.3154","8.2496","0.41%"
"Oct 22, 2018","8.2568","8.2256","8.2695","8.1965","0.37%"
"Oct 21, 2018","8.2261","8.2172","8.2278","8.2165","-0.01%"
"Oct 19, 2018","8.2273","8.2788","8.2827","8.2091","-0.61%"
"Oct 18, 2018","8.2781","8.2133","8.2831","8.2043","0.80%"
"Oct 17, 2018","8.2128","8.1456","8.2175","8.1379","0.80%"
"Oct 16, 2018","8.1475","8.1540","8.1643","8.1165","-0.07%"
"Oct 15, 2018","8.1528","8.1783","8.1893","8.1405","-0.25%"
"Oct 14, 2018","8.1731","8.1875","8.1875","8.1711","0.01%"
"Oct 12, 2018","8.1723","8.2166","8.2238","8.1663","-0.53%"
"Oct 11, 2018","8.2155","8.2362","8.2441","8.1888","-0.25%"
"Oct 10, 2018","8.2363","8.2661","8.2700","8.1894","-0.37%"
"Oct 09, 2018","8.2671","8.2770","8.3087","8.2491","-0.11%"
"Oct 08, 2018","8.2765","8.2601","8.2995","8.2561","0.19%"
"Oct 07, 2018","8.2608","8.2604","8.2629","8.2572","-0.00%"
"Oct 05, 2018","8.2609","8.2496","8.2917","8.2357","0.13%"
"Oct 04, 2018","8.2499","8.2307","8.2622","8.2141","0.28%"
"Oct 03, 2018","8.2266","8.1748","8.2334","8.1470","0.64%"
"Oct 02, 2018","8.1744","8.1513","8.2143","8.1480","0.29%"
"Oct 01, 2018","8.1507","8.1483","8.1715","8.1244","0.07%"
"Sep 30, 2018","8.1449","8.1425","8.1486","8.1390","-0.03%"
"Sep 28, 2018","8.1473","8.1552","8.1939","8.1284","-0.10%"
"Sep 27, 2018","8.1552","8.1121","8.1602","8.0926","0.54%"
"Sep 26, 2018","8.1111","8.1271","8.1385","8.0810","-0.22%"
"Sep 25, 2018","8.1286","8.1410","8.1517","8.1026","-0.16%"
"Sep 24, 2018","8.1417","8.1498","8.1628","8.1155","-0.01%"
"Sep 23, 2018","8.1427","8.1538","8.1609","8.1419","-0.07%"
"Sep 21, 2018","8.1480","8.1454","8.1613","8.1189","0.03%"
"Sep 20, 2018","8.1452","8.1532","8.2312","8.1197","-0.08%"
"Sep 19, 2018","8.1517","8.1596","8.1918","8.1290","-0.10%"
"Sep 18, 2018","8.1599","8.1746","8.1857","8.1435","-0.16%"
"Sep 17, 2018","8.1733","8.2544","8.2637","8.1619","-0.99%"
"Sep 16, 2018","8.2549","8.2626","8.2695","8.2520","-0.01%"
"Sep 14, 2018","8.2554","8.2193","8.2712","8.2100","0.45%"
"Sep 13, 2018","8.2181","8.2607","8.2667","8.1937","-0.50%"
"Sep 12, 2018","8.2594","8.3197","8.3486","8.2249","-0.72%"
"Sep 11, 2018","8.3197","8.3893","8.4027","8.3139","-0.83%"
"Sep 10, 2018","8.3893","8.4543","8.4579","8.3620","-0.59%"
"Sep 09, 2018","8.4395","8.4615","8.4615","8.4395","-0.15%"
"Sep 07, 2018","8.4520","8.4200","8.4676","8.4029","0.36%"
"Sep 06, 2018","8.4221","8.3942","8.4405","8.3811","0.33%"
"Sep 05, 2018","8.3942","8.3918","8.4314","8.3735","0.02%"
"Sep 04, 2018","8.3928","8.3527","8.4244","8.3485","0.46%"
"Sep 03, 2018","8.3546","8.3848","8.3999","8.3458","-0.47%"
"Sep 02, 2018","8.3942","8.3887","8.3984","8.3816","0.08%"
"Aug 31, 2018","8.3873","8.3443","8.3981","8.3157","0.51%"
"Aug 30, 2018","8.3448","8.3323","8.3641","8.3068","0.17%"
"Aug 29, 2018","8.3310","8.3417","8.3808","8.3286","-0.13%"
"Aug 28, 2018","8.3422","8.3225","8.3524","8.2887","0.22%"
"Aug 27, 2018","8.3235","8.3276","8.3701","8.3147","0.00%"
"Aug 26, 2018","8.3232","8.3356","8.3374","8.3114","-0.05%"
"Aug 24, 2018","8.3276","8.3878","8.3934","8.3237","-0.73%"
"Aug 23, 2018","8.3888","8.3419","8.3982","8.3235","0.56%"
"Aug 22, 2018","8.3418","8.4046","8.4148","8.3281","-0.74%"
"Aug 21, 2018","8.4044","8.4449","8.4459","8.3875","-0.49%"
"Aug 20, 2018","8.4459","8.4495","8.4858","8.4344","-0.11%"
"Aug 19, 2018","8.4548","8.4489","8.4570","8.4429","0.00%"
"Aug 17, 2018","8.4545","8.4761","8.5095","8.4428","-0.26%"
"Aug 16, 2018","8.4766","8.4533","8.5037","8.4060","0.26%"
"Aug 15, 2018","8.4543","8.4169","8.4944","8.4095","0.45%"
"Aug 14, 2018","8.4163","8.3634","8.4216","8.3372","0.63%"
"Aug 13, 2018","8.3633","8.3632","8.4252","8.3420","-0.06%"
"Aug 12, 2018","8.3684","8.3910","8.3968","8.3602","0.05%"
"Aug 10, 2018","8.3642","8.3203","8.3876","8.3070","0.54%"
"Aug 09, 2018","8.3192","8.2183","8.3215","8.2098","1.24%"
"Aug 08, 2018","8.2175","8.2022","8.2380","8.1797","0.18%"
"Aug 07, 2018","8.2027","8.2504","8.2570","8.1829","-0.59%"
"Aug 06, 2018","8.2511","8.2574","8.2690","8.2332","-0.12%"
"Aug 05, 2018","8.2607","8.2520","8.2619","8.2508","0.06%"
"Aug 03, 2018","8.2561","8.2424","8.2652","8.2140","0.17%"
"Aug 02, 2018","8.2424","8.1806","8.2474","8.1678","0.81%"
"Aug 01, 2018","8.1765","8.1569","8.1831","8.1537","0.24%"
"Jul 31, 2018","8.1569","8.1352","8.1613","8.1170","0.27%"
"Jul 30, 2018","8.1346","8.1877","8.1999","8.1280","-0.69%"
"Jul 29, 2018","8.1911","8.1854","8.1936","8.1818","0.04%"
"Jul 27, 2018","8.1882","8.1895","8.2163","8.1657","-0.02%"
"Jul 26, 2018","8.1899","8.1351","8.1948","8.1217","0.67%"
"Jul 25, 2018","8.1353","8.1770","8.1891","8.1223","-0.53%"
"Jul 24, 2018","8.1788","8.1970","8.2238","8.1517","-0.20%"
"Jul 23, 2018","8.1951","8.1773","8.2041","8.1448","0.41%"
"Jul 22, 2018","8.1616","8.1780","8.1814","8.1583","-0.22%"
"Jul 20, 2018","8.1798","8.2341","8.2501","8.1687","-0.66%"
"Jul 19, 2018","8.2341","8.1702","8.2758","8.1594","0.78%"
"Jul 18, 2018","8.1703","8.1531","8.2009","8.1433","0.21%"
"Jul 17, 2018","8.1534","8.1025","8.1554","8.0757","0.65%"
"Jul 16, 2018","8.1008","8.1167","8.1270","8.0806","-0.25%"
"Jul 15, 2018","8.1213","8.1113","8.1219","8.1105","0.08%"
"Jul 13, 2018","8.1152","8.1083","8.1722","8.1040","0.09%"
"Jul 12, 2018","8.1076","8.1105","8.1225","8.0847","-0.02%"
"Jul 11, 2018","8.1089","8.0177","8.1216","8.0140","1.15%"
"Jul 10, 2018","8.0167","8.0259","8.0559","7.9917","-0.11%"
"Jul 09, 2018","8.0255","8.0326","8.0405","7.9875","-0.03%"
"Jul 08, 2018","8.0280","8.0344","8.0366","8.0229","-0.03%"
"Jul 06, 2018","8.0302","8.0605","8.0735","8.0190","-0.39%"
"Jul 05, 2018","8.0615","8.1095","8.1250","8.0355","-0.60%"
"Jul 04, 2018","8.1103","8.1327","8.1430","8.0972","-0.28%"
"Jul 03, 2018","8.1331","8.1715","8.1824","8.1084","-0.48%"
"Jul 02, 2018","8.1725","8.1455","8.2044","8.1455","0.21%"
"Jul 01, 2018","8.1555","8.1465","8.1623","8.1434","0.14%"
"Jun 29, 2018","8.1445","8.1884","8.1970","8.1203","-0.54%"
"Jun 28, 2018","8.1884","8.1915","8.2134","8.1563","-0.06%"
"Jun 27, 2018","8.1930","8.1290","8.2020","8.1217","0.80%"
"Jun 26, 2018","8.1281","8.1030","8.1408","8.0891","0.30%"
"Jun 25, 2018","8.1037","8.0966","8.1479","8.0866","0.14%"
"Jun 24, 2018","8.0925","8.0899","8.0980","8.0843","0.01%"
"Jun 22, 2018","8.0920","8.1264","8.1290","8.0639","-0.43%"
"Jun 21, 2018","8.1273","8.1784","8.2012","8.1157","-0.64%"
"Jun 20, 2018","8.1793","8.1854","8.2080","8.1470","-0.06%"
"Jun 19, 2018","8.1845","8.1281","8.2302","8.1142","0.70%"
"Jun 18, 2018","8.1273","8.1460","8.1814","8.1200","-0.36%"
"Jun 17, 2018","8.1569","8.1568","8.1598","8.1503","0.11%"
"Jun 15, 2018","8.1476","8.1368","8.1552","8.1208","0.13%"
"Jun 14, 2018","8.1368","8.0090","8.1385","7.9765","1.58%"
"Jun 13, 2018","8.0102","8.0520","8.0608","8.0034","-0.52%"
"Jun 12, 2018","8.0521","8.0440","8.0742","7.9911","0.11%"
"Jun 11, 2018","8.0431","8.0680","8.0779","8.0218","-0.10%"
"Jun 10, 2018","8.0511","8.0557","8.0604","8.0500","-0.06%"
"Jun 08, 2018","8.0562","8.0582","8.1129","8.0431","-0.01%"
"Jun 07, 2018","8.0573","8.0811","8.0820","8.0216","-0.29%"
"Jun 06, 2018","8.0810","8.1127","8.1216","8.0626","-0.38%"
"Jun 05, 2018","8.1116","8.1201","8.1541","8.0910","-0.09%"
"Jun 04, 2018","8.1187","8.1953","8.1967","8.0912","-0.77%"
"Jun 03, 2018","8.1816","8.1849","8.1892","8.1790","-0.02%"
"Jun 01, 2018","8.1830","8.1804","8.2120","8.1372","0.05%"
"May 31, 2018","8.1792","8.1811","8.1992","8.1448","-0.04%"
"May 30, 2018","8.1824","8.2847","8.3101","8.1718","-1.22%"
"May 29, 2018","8.2837","8.1951","8.3329","8.1860","1.07%"
"May 28, 2018","8.1956","8.1664","8.2032","8.1276","0.50%"
"May 27, 2018","8.1549","8.1494","8.1607","8.1471","-0.20%"
"May 25, 2018","8.1710","8.0973","8.1791","8.0762","0.89%"
"May 24, 2018","8.0986","8.0939","8.1074","8.0701","0.06%"
"May 23, 2018","8.0934","8.0599","8.1484","8.0485","0.40%"
"May 22, 2018","8.0615","8.0514","8.0770","8.0232","0.14%"
"May 21, 2018","8.0506","8.1279","8.1395","8.0447","-0.79%"
"May 18, 2018","8.1144","8.1203","8.1493","8.1025","-0.08%"
"May 17, 2018","8.1208","8.0799","8.1313","8.0556","0.51%"
"May 16, 2018","8.0794","8.1228","8.1343","8.0759","-0.53%"
"May 15, 2018","8.1222","8.0322","8.1391","8.0035","1.12%"
"May 14, 2018","8.0326","8.0014","8.0386","7.9641","0.38%"
"May 11, 2018","8.0019","8.0013","8.0193","7.9703","-0.02%"
"May 10, 2018","8.0037","8.0777","8.0850","7.9809","-0.90%"
"May 09, 2018","8.0767","8.1400","8.1650","8.0511","-0.78%"
"May 08, 2018","8.1404","8.0701","8.1647","8.0516","0.87%"
"May 07, 2018","8.0703","8.0542","8.0890","8.0305","0.19%"
"May 04, 2018","8.0552","8.0485","8.1030","8.0405","0.08%"
"May 03, 2018","8.0485","8.1223","8.1254","8.0366","-0.91%"
"May 02, 2018","8.1224","8.0877","8.1277","8.0541","0.43%"
"May 01, 2018","8.0877","8.0148","8.1055","8.0082","0.90%"
"Apr 30, 2018","8.0159","7.9609","8.0312","7.9544","0.71%"
"Apr 27, 2018","7.9596","7.9954","8.0311","7.9549","-0.45%"
"Apr 26, 2018","7.9954","7.9719","8.0064","7.9327","0.29%"
"Apr 25, 2018","7.9725","7.9026","7.9885","7.8958","0.88%"
"Apr 24, 2018","7.9026","7.8862","7.9165","7.8716","0.20%"
"Apr 23, 2018","7.8872","7.8209","7.8989","7.8209","0.82%"
"Apr 20, 2018","7.8232","7.7921","7.8485","7.7861","0.40%"
"Apr 19, 2018","7.7921","7.7616","7.8059","7.7320","0.39%"
"Apr 18, 2018","7.7616","7.7608","7.7852","7.7393","0.00%"
"Apr 17, 2018","7.7614","7.7764","7.7887","7.7554","-0.18%"
"Apr 16, 2018","7.7756","7.7748","7.7956","7.7478","0.01%"
"Apr 13, 2018","7.7749","7.7713","7.7906","7.7500","0.05%"
"Apr 12, 2018","7.7708","7.7621","7.8136","7.7506","0.11%"
"Apr 11, 2018","7.7626","7.7961","7.8042","7.7472","-0.42%"
"Apr 10, 2018","7.7951","7.7841","7.8323","7.7716","0.13%"
"Apr 09, 2018","7.7850","7.8307","7.8445","7.7689","-0.57%"
"Apr 06, 2018","7.8297","7.8319","7.8689","7.8045","-0.02%"
"Apr 05, 2018","7.8310","7.8253","7.8523","7.7917","0.08%"
"Apr 04, 2018","7.8245","7.8396","7.8611","7.8084","-0.17%"
"Apr 03, 2018","7.8382","7.8864","7.8980","7.8190","-0.62%"
"Apr 02, 2018","7.8874","7.8357","7.8994","7.8273","0.47%"
"Mar 30, 2018","7.8503","7.8419","7.8588","7.8258","0.11%"
"Mar 29, 2018","7.8413","7.8624","7.8800","7.8353","-0.27%"
"Mar 28, 2018","7.8624","7.7158","7.8803","7.7037","1.87%"
"Mar 27, 2018","7.7180","7.6792","7.7283","7.6482","0.48%"
"Mar 26, 2018","7.6813","7.7584","7.7593","7.6725","-0.96%"
"Mar 23, 2018","7.7558","7.7513","7.7924","7.7272","0.07%"
"Mar 22, 2018","7.7504","7.6968","7.7622","7.6707","0.71%"
"Mar 21, 2018","7.6958","7.7448","7.7561","7.6889","-0.66%"
"Mar 20, 2018","7.7473","7.7210","7.7500","7.6932","0.31%"
"Mar 19, 2018","7.7234","7.7160","7.7541","7.7118","0.10%"
"Mar 16, 2018","7.7156","7.7153","7.7413","7.6967","0.02%"
"Mar 15, 2018","7.7142","7.7293","7.7400","7.6616","-0.20%"
"Mar 14, 2018","7.7300","7.7377","7.7580","7.7131","-0.09%"
"Mar 13, 2018","7.7368","7.7451","7.7711","7.7171","-0.10%"
"Mar 12, 2018","7.7443","7.7803","7.7929","7.7396","-0.42%"
"Mar 09, 2018","7.7771","7.8406","7.8492","7.7647","-0.80%"
"Mar 08, 2018","7.8398","7.8088","7.8619","7.7978","0.38%"
"Mar 07, 2018","7.8098","7.7778","7.8333","7.7623","0.42%"
"Mar 06, 2018","7.7770","7.8204","7.8300","7.7436","-0.54%"
"Mar 05, 2018","7.8190","7.7908","7.8510","7.7607","0.43%"
"Mar 02, 2018","7.7859","7.8428","7.8883","7.7638","-0.74%"
"Mar 01, 2018","7.8443","7.9026","7.9462","7.8368","-0.73%"
"Feb 28, 2018","7.9016","7.8677","7.9136","7.8573","0.42%"
"Feb 27, 2018","7.8683","7.8238","7.8804","7.8063","0.57%"
"Feb 26, 2018","7.8238","7.8534","7.8586","7.7907","-0.30%"
"Feb 23, 2018","7.8475","7.8553","7.8965","7.8368","-0.09%"
"Feb 22, 2018","7.8545","7.8661","7.9064","7.8436","-0.17%"
"Feb 21, 2018","7.8675","7.8425","7.8738","7.8096","0.34%"
"Feb 20, 2018","7.8407","7.7767","7.8542","7.7756","0.79%"
"Feb 19, 2018","7.7789","7.7896","7.8038","7.7542","-0.03%"
"Feb 16, 2018","7.7809","7.7675","7.7963","7.7173","0.19%"
"Feb 15, 2018","7.7658","7.7975","7.8188","7.7550","-0.41%"
"Feb 14, 2018","7.7980","7.8727","7.9540","7.7845","-0.94%"
"Feb 13, 2018","7.8722","7.9138","7.9208","7.8644","-0.53%"
"Feb 12, 2018","7.9143","7.9752","7.9848","7.9105","-0.66%"
"Feb 09, 2018","7.9668","7.9274","8.0591","7.9017","0.53%"
"Feb 08, 2018","7.9251","7.9062","7.9516","7.8625","0.24%"
"Feb 07, 2018","7.9062","7.8180","7.9263","7.7948","1.16%"
"Feb 06, 2018","7.8158","7.8375","7.8913","7.7792","-0.27%"
"Feb 05, 2018","7.8371","7.7366","7.8405","7.7008","1.34%"
"Feb 02, 2018","7.7336","7.6420","7.7517","7.6380","1.20%"
"Feb 01, 2018","7.6420","7.7125","7.7272","7.6327","-0.91%"
"Jan 31, 2018","7.7125","7.7218","7.7325","7.6617","-0.13%"
"Jan 30, 2018","7.7223","7.7116","7.7610","7.6857","0.14%"
"Jan 29, 2018","7.7115","7.6968","7.7361","7.6822","0.27%"
"Jan 26, 2018","7.6906","7.7432","7.7589","7.6649","-0.68%"
"Jan 25, 2018","7.7435","7.7521","7.7652","7.6394","-0.12%"
"Jan 24, 2018","7.7526","7.8228","7.8302","7.7461","-0.90%"
"Jan 23, 2018","7.8233","7.8520","7.8843","7.8199","-0.37%"
"Jan 22, 2018","7.8524","7.8451","7.8851","7.8403","-0.20%"
"Jan 19, 2018","7.8678","7.8515","7.8775","7.8227","0.26%"
"Jan 18, 2018","7.8472","7.8781","7.8947","7.8170","-0.38%"
"Jan 17, 2018","7.8774","7.8719","7.8994","7.8110","0.05%"
"Jan 16, 2018","7.8733","7.8819","7.9033","7.8648","-0.10%"
"Jan 15, 2018","7.8808","7.9238","7.9316","7.8589","-0.57%"
"Jan 12, 2018","7.9256","8.0156","8.0180","7.9189","-1.11%"
"Jan 11, 2018","8.0146","8.0720","8.0851","8.0061","-0.71%"
"Jan 10, 2018","8.0722","8.1016","8.1146","8.0341","-0.38%"
"Jan 09, 2018","8.1027","8.0777","8.1323","8.0671","0.31%"
"Jan 08, 2018","8.0777","8.0475","8.0943","8.0349","0.36%"
"Jan 05, 2018","8.0490","8.0659","8.0956","8.0310","-0.21%"
"Jan 04, 2018","8.0659","8.1048","8.1179","8.0571","-0.48%"
"Jan 03, 2018","8.1048","8.1291","8.1477","8.0913","-0.28%"
"Jan 02, 2018","8.1278","8.1972","8.1991","8.0931","-0.87%"
"Jan 01, 2018","8.1991","8.2105","8.2119","8.1947","-0.13%"
"Dec 29, 2017","8.2095","8.2519","8.2576","8.1725","-0.51%"
"Dec 28, 2017","8.2514","8.2714","8.2830","8.2232","-0.24%"
"Dec 27, 2017","8.2710","8.3119","8.3268","8.2662","-0.47%"
"Dec 26, 2017","8.3104","8.3133","8.3449","8.2988","-0.03%"
"Dec 25, 2017","8.3133","8.3285","8.3399","8.3101","-0.17%"
"Dec 22, 2017","8.3275","8.3549","8.3911","8.3131","-0.32%"
"Dec 21, 2017","8.3539","8.4107","8.4199","8.3539","-0.68%"
"Dec 20, 2017","8.4108","8.3478","8.4129","8.3166","0.77%"
"Dec 19, 2017","8.3467","8.3605","8.3908","8.3454","-0.16%"
"Dec 18, 2017","8.3598","8.3821","8.3977","8.3143","-0.25%"
"Dec 15, 2017","8.3810","8.3011","8.4064","8.2715","0.96%"
"Dec 14, 2017","8.3011","8.3245","8.3387","8.2105","-0.29%"
"Dec 13, 2017","8.3250","8.3452","8.3841","8.3035","-0.25%"
"Dec 12, 2017","8.3461","8.3849","8.3880","8.3039","-0.45%"
"Dec 11, 2017","8.3840","8.3030","8.3914","8.2775","1.00%"
"Dec 08, 2017","8.3006","8.3176","8.3435","8.2887","-0.19%"
"Dec 07, 2017","8.3164","8.2718","8.3229","8.2637","0.54%"
"Dec 06, 2017","8.2714","8.2629","8.3010","8.2437","0.10%"
"Dec 05, 2017","8.2634","8.3237","8.3629","8.2525","-0.74%"
"Dec 04, 2017","8.3249","8.2878","8.3396","8.2818","0.50%"
"Dec 01, 2017","8.2834","8.3203","8.3317","8.2615","-0.43%"
"Nov 30, 2017","8.3192","8.2548","8.3451","8.2369","0.77%"
"Nov 29, 2017","8.2558","8.2450","8.2583","8.2062","0.13%"
"Nov 28, 2017","8.2448","8.1535","8.2470","8.1390","1.14%"
"Nov 27, 2017","8.1521","8.1305","8.1675","8.1238","0.27%"
"Nov 24, 2017","8.1302","8.1374","8.1596","8.1131","-0.09%"
"Nov 23, 2017","8.1377","8.1530","8.1604","8.1219","-0.19%"
"Nov 22, 2017","8.1534","8.2127","8.2451","8.1486","-0.72%"
"Nov 21, 2017","8.2123","8.2926","8.3424","8.2022","-0.97%"
"Nov 20, 2017","8.2931","8.2356","8.3025","8.2339","0.65%"
"Nov 17, 2017","8.2395","8.2100","8.2707","8.1782","0.38%"
"Nov 16, 2017","8.2079","8.2427","8.2567","8.1892","-0.43%"
"Nov 15, 2017","8.2435","8.1810","8.2808","8.1707","0.76%"
"Nov 14, 2017","8.1810","8.1645","8.2316","8.1496","0.18%"
"Nov 13, 2017","8.1666","8.1311","8.1841","8.1243","0.39%"
"Nov 10, 2017","8.1345","8.1316","8.1495","8.1091","0.04%"
"Nov 09, 2017","8.1311","8.1655","8.1695","8.1153","-0.42%"
"Nov 08, 2017","8.1654","8.1715","8.1854","8.1555","-0.08%"
"Nov 07, 2017","8.1717","8.1357","8.2014","8.1238","0.45%"
"Nov 06, 2017","8.1354","8.1726","8.1853","8.1326","-0.45%"
"Nov 03, 2017","8.1720","8.1366","8.1876","8.1174","0.44%"
"Nov 02, 2017","8.1358","8.1501","8.1631","8.1185","-0.17%"
"Nov 01, 2017","8.1498","8.1688","8.1836","8.1258","-0.24%"
"Oct 31, 2017","8.1691","8.1505","8.2031","8.1473","0.23%"
"Oct 30, 2017","8.1502","8.1614","8.1867","8.1381","0.05%"
"Oct 27, 2017","8.1464","8.1711","8.2299","8.1392","-0.30%"
"Oct 26, 2017","8.1709","8.0151","8.1828","8.0016","1.94%"
"Oct 25, 2017","8.0151","8.0067","8.0350","7.9920","0.12%"
"Oct 24, 2017","8.0051","8.0039","8.0187","7.9792","0.05%"
"Oct 23, 2017","8.0014","7.9926","8.0171","7.9766","0.21%"
"Oct 20, 2017","7.9848","7.9287","7.9998","7.9243","0.69%"
"Oct 19, 2017","7.9299","7.9606","7.9791","7.9243","-0.38%"
"Oct 18, 2017","7.9604","7.9440","7.9741","7.9279","0.19%"
"Oct 17, 2017","7.9450","7.8974","7.9629","7.8936","0.59%"
"Oct 16, 2017","7.8984","7.8906","7.9216","7.8735","0.12%"
"Oct 13, 2017","7.8888","7.9020","7.9147","7.8505","-0.17%"
"Oct 12, 2017","7.9020","7.9205","7.9225","7.8831","-0.24%"
"Oct 11, 2017","7.9211","7.9539","7.9587","7.9064","-0.39%"
"Oct 10, 2017","7.9521","7.9851","7.9884","7.9333","-0.41%"
"Oct 09, 2017","7.9846","7.9857","8.0063","7.9682","-0.04%"
"Oct 06, 2017","7.9875","8.0057","8.0411","7.9864","-0.22%"
"Oct 05, 2017","8.0050","7.9587","8.0202","7.9434","0.58%"
"Oct 04, 2017","7.9586","7.9824","7.9884","7.9342","-0.29%"
"Oct 03, 2017","7.9817","7.9999","8.0262","7.9666","-0.26%"
"Oct 02, 2017","8.0024","7.9767","8.0144","7.9584","0.51%"
"Sep 29, 2017","7.9615","7.9408","7.9849","7.9361","0.28%"
"Sep 28, 2017","7.9395","7.9514","7.9895","7.9308","-0.17%"
"Sep 27, 2017","7.9533","7.8908","7.9786","7.8908","0.79%"
"Sep 26, 2017","7.8907","7.8166","7.9218","7.8122","0.93%"
"Sep 25, 2017","7.8182","7.8228","7.8379","7.7966","0.23%"
"Sep 22, 2017","7.8000","7.8027","7.8089","7.7658","-0.04%"
"Sep 21, 2017","7.8028","7.8642","7.8854","7.7960","-0.79%"
"Sep 20, 2017","7.8649","7.7994","7.8971","7.7724","0.84%"
"Sep 19, 2017","7.7997","7.8321","7.8349","7.7864","-0.41%"
"Sep 18, 2017","7.8321","7.8510","7.8620","7.7921","-0.24%"
"Sep 15, 2017","7.8508","7.8752","7.8881","7.7971","-0.31%"
"Sep 14, 2017","7.8754","7.8799","7.9542","7.8712","-0.06%"
"Sep 13, 2017","7.8799","7.8347","7.9101","7.8221","0.57%"
"Sep 12, 2017","7.8353","7.8401","7.8793","7.8238","-0.07%"
"Sep 11, 2017","7.8411","7.7403","7.8579","7.7380","1.31%"
"Sep 08, 2017","7.7395","7.7326","7.7551","7.7017","0.08%"
"Sep 07, 2017","7.7331","7.8012","7.8021","7.7133","-0.88%"
"Sep 06, 2017","7.8017","7.7790","7.8110","7.7609","0.29%"
"Sep 05, 2017","7.7795","7.8099","7.8241","7.7495","-0.39%"
"Sep 04, 2017","7.8098","7.8001","7.8155","7.7764","0.14%"
"Sep 01, 2017","7.7989","7.7608","7.8255","7.7164","0.48%"
"Aug 31, 2017","7.7613","7.8090","7.8482","7.7546","-0.63%"
"Aug 30, 2017","7.8104","7.7489","7.8172","7.7404","0.79%"
"Aug 29, 2017","7.7489","7.7526","7.8048","7.7034","-0.07%"
"Aug 28, 2017","7.7541","7.7364","7.7755","7.7299","-0.05%"
"Aug 25, 2017","7.7582","7.8440","7.8603","7.7362","-1.09%"
"Aug 24, 2017","7.8436","7.8687","7.8758","7.8339","-0.31%"
"Aug 23, 2017","7.8682","7.9097","7.9222","7.8610","-0.52%"
"Aug 22, 2017","7.9097","7.8956","7.9242","7.8871","0.15%"
"Aug 21, 2017","7.8980","7.9159","7.9364","7.8809","-0.11%"
"Aug 18, 2017","7.9066","7.9724","7.9838","7.9027","-0.78%"
"Aug 17, 2017","7.9687","7.9246","7.9913","7.9005","0.55%"
"Aug 16, 2017","7.9252","7.9582","7.9707","7.9124","-0.41%"
"Aug 15, 2017","7.9578","7.9521","8.0045","7.9424","0.09%"
"Aug 14, 2017","7.9509","7.9351","7.9552","7.9147","0.22%"
"Aug 11, 2017","7.9336","7.9523","8.0083","7.9082","-0.26%"
"Aug 10, 2017","7.9544","7.9579","7.9777","7.9342","-0.03%"
"Aug 09, 2017","7.9565","7.9590","7.9890","7.9441","-0.01%"
"Aug 08, 2017","7.9572","7.9234","7.9626","7.8798","0.41%"
"Aug 07, 2017","7.9245","7.9501","7.9643","7.9201","-0.30%"
"Aug 04, 2017","7.9481","7.9062","7.9794","7.8816","0.52%"
"Aug 03, 2017","7.9066","7.8969","7.9221","7.8756","0.11%"
"Aug 02, 2017","7.8979","7.9262","7.9340","7.8560","-0.38%"
"Aug 01, 2017","7.9282","7.8644","7.9373","7.8603","0.82%"
"Jul 31, 2017","7.8641","7.9219","7.9642","7.8569","-0.61%"
"Jul 28, 2017","7.9120","7.9537","7.9755","7.8998","-0.53%"
"Jul 27, 2017","7.9539","7.8931","7.9708","7.8613","0.78%"
"Jul 26, 2017","7.8924","7.9747","8.0069","7.8825","-1.01%"
"Jul 25, 2017","7.9729","8.0066","8.0215","7.9446","-0.42%"
"Jul 24, 2017","8.0068","8.0124","8.0535","8.0044","-0.37%"
"Jul 21, 2017","8.0368","8.0460","8.0537","8.0014","-0.11%"
"Jul 20, 2017","8.0456","8.0533","8.1042","8.0114","-0.09%"
"Jul 19, 2017","8.0531","8.0870","8.0981","8.0464","-0.44%"
"Jul 18, 2017","8.0884","8.1589","8.1702","8.0421","-0.87%"
"Jul 17, 2017","8.1591","8.1828","8.2074","8.1273","-0.31%"
"Jul 14, 2017","8.1845","8.2589","8.2621","8.1787","-0.91%"
"Jul 13, 2017","8.2597","8.2844","8.2973","8.2478","-0.29%"
"Jul 12, 2017","8.2836","8.2773","8.3036","8.2492","0.07%"
"Jul 11, 2017","8.2782","8.3289","8.3657","8.2762","-0.60%"
"Jul 10, 2017","8.3283","8.3672","8.3720","8.3133","-0.44%"
"Jul 07, 2017","8.3649","8.3491","8.3981","8.3409","0.18%"
"Jul 06, 2017","8.3496","8.3910","8.4127","8.3375","-0.51%"
"Jul 05, 2017","8.3920","8.3525","8.4231","8.3288","0.44%"
"Jul 04, 2017","8.3556","8.3638","8.3911","8.3384","-0.11%"
"Jul 03, 2017","8.3648","8.3398","8.3782","8.3331","0.21%"
"Jun 30, 2017","8.3472","8.3848","8.3993","8.3382","-0.46%"
"Jun 29, 2017","8.3855","8.4241","8.4398","8.3644","-0.48%"
"Jun 28, 2017","8.4259","8.4206","8.4803","8.3984","0.07%"
"Jun 27, 2017","8.4198","8.4816","8.4942","8.3972","-0.72%"
"Jun 26, 2017","8.4810","8.4482","8.4880","8.4329","0.38%"
"Jun 23, 2017","8.4485","8.4902","8.4990","8.4327","-0.49%"
"Jun 22, 2017","8.4900","8.5325","8.5326","8.4683","-0.50%"
"Jun 21, 2017","8.5324","8.5447","8.5677","8.5251","-0.15%"
"Jun 20, 2017","8.5451","8.5028","8.5671","8.4612","0.50%"
"Jun 19, 2017","8.5024","8.4421","8.5056","8.4304","0.65%"
"Jun 16, 2017","8.4471","8.5069","8.5172","8.4371","-0.71%"
"Jun 15, 2017","8.5074","8.4191","8.5153","8.4166","0.99%"
"Jun 14, 2017","8.4237","8.4367","8.4454","8.3467","-0.07%"
"Jun 13, 2017","8.4296","8.4758","8.4800","8.4081","-0.53%"
"Jun 12, 2017","8.4742","8.4976","8.5053","8.4579","-0.23%"
"Jun 09, 2017","8.4937","8.4968","8.5432","8.4829","-0.01%"
"Jun 08, 2017","8.4948","8.4943","8.5049","8.4638","-0.00%"
"Jun 07, 2017","8.4949","8.4595","8.5005","8.4403","0.50%"
"Jun 06, 2017","8.4529","8.4488","8.4887","8.4290","0.02%"
"Jun 05, 2017","8.4512","8.4176","8.4661","8.4011","0.45%"
"Jun 02, 2017","8.4136","8.4543","8.4832","8.4047","-0.47%"
"Jun 01, 2017","8.4532","8.4357","8.4764","8.4090","0.21%"
"May 31, 2017","8.4353","8.4313","8.4621","8.4065","0.04%"
"May 30, 2017","8.4316","8.4125","8.4725","8.4119","0.24%"
"May 29, 2017","8.4115","8.4024","8.4233","8.3809","0.41%"
"May 26, 2017","8.3770","8.3975","8.4300","8.3644","-0.26%"
"May 25, 2017","8.3985","8.3305","8.4043","8.3015","0.81%"
"May 24, 2017","8.3310","8.3739","8.4094","8.3270","-0.52%"
"May 23, 2017","8.3743","8.3384","8.3836","8.3186","0.44%"
"May 22, 2017","8.3377","8.3818","8.4004","8.3232","-0.44%"
"May 19, 2017","8.3747","8.4794","8.4869","8.3478","-1.25%"
"May 18, 2017","8.4804","8.4047","8.5010","8.3886","0.90%"
"May 17, 2017","8.4047","8.4633","8.4780","8.3759","-0.70%"
"May 16, 2017","8.4636","8.5535","8.5788","8.4477","-1.05%"
"May 15, 2017","8.5534","8.5768","8.5825","8.4943","-0.07%"
"May 12, 2017","8.5593","8.5997","8.6164","8.5542","-0.46%"
"May 11, 2017","8.5989","8.6219","8.6405","8.5726","-0.26%"
"May 10, 2017","8.6214","8.6857","8.7086","8.5992","-0.79%"
"May 09, 2017","8.6903","8.6488","8.7020","8.6261","0.49%"
"May 08, 2017","8.6475","8.5710","8.6572","8.5635","0.63%"
"May 05, 2017","8.5936","8.6785","8.7193","8.5839","-0.96%"
"May 04, 2017","8.6769","8.6525","8.6959","8.6186","0.28%"
"May 03, 2017","8.6524","8.5905","8.6587","8.5834","0.73%"
"May 02, 2017","8.5900","8.5957","8.6203","8.5840","-0.06%"
"May 01, 2017","8.5949","8.5588","8.6045","8.5467","0.13%"
"Apr 28, 2017","8.5836","8.5649","8.5899","8.5135","0.22%"
"Apr 27, 2017","8.5647","8.5859","8.6091","8.5400","-0.24%"
"Apr 26, 2017","8.5849","8.5633","8.6193","8.5455","0.22%"
"Apr 25, 2017","8.5662","8.5495","8.5843","8.5407","0.22%"
"Apr 24, 2017","8.5477","8.5020","8.6134","8.4738","-1.42%"
"Apr 21, 2017","8.6709","8.6284","8.6980","8.6079","0.58%"
"Apr 20, 2017","8.6212","8.5806","8.6283","8.5520","0.47%"
"Apr 19, 2017","8.5805","8.5108","8.5842","8.5040","0.82%"
"Apr 18, 2017","8.5104","8.5584","8.5700","8.5029","-0.55%"
"Apr 17, 2017","8.5577","8.5823","8.5948","8.5252","-0.32%"
"Apr 14, 2017","8.5851","8.5848","8.5956","8.5684","0.00%"
"Apr 13, 2017","8.5850","8.5485","8.5868","8.5352","0.43%"
"Apr 12, 2017","8.5482","8.5967","8.6063","8.5376","-0.58%"
"Apr 11, 2017","8.5978","8.6250","8.6446","8.5807","-0.33%"
"Apr 10, 2017","8.6259","8.6525","8.6805","8.6098","-0.37%"
"Apr 07, 2017","8.6578","8.6265","8.6721","8.5849","0.38%"
"Apr 06, 2017","8.6250","8.6103","8.6447","8.5864","0.18%"
"Apr 05, 2017","8.6099","8.5892","8.6191","8.5702","0.24%"
"Apr 04, 2017","8.5893","8.5739","8.6375","8.5739","0.12%"
"Apr 03, 2017","8.5786","8.5997","8.6091","8.5550","-0.21%"
"Mar 31, 2017","8.5964","8.5615","8.6048","8.5530","0.40%"
"Mar 30, 2017","8.5624","8.4997","8.5706","8.4961","0.74%"
"Mar 29, 2017","8.4995","8.5243","8.5572","8.4944","-0.29%"
"Mar 28, 2017","8.5246","8.4859","8.5409","8.4814","0.36%"
"Mar 27, 2017","8.4937","8.5024","8.5024","8.4340","-0.03%"
"Mar 24, 2017","8.4961","8.4888","8.5121","8.4666","0.10%"
"Mar 23, 2017","8.4877","8.4620","8.4989","8.4541","0.30%"
"Mar 22, 2017","8.4627","8.4685","8.5307","8.4433","-0.05%"
"Mar 21, 2017","8.4666","8.4776","8.4951","8.4239","-0.12%"
"Mar 20, 2017","8.4766","8.4737","8.4954","8.4328","-0.02%"
"Mar 17, 2017","8.4782","8.5109","8.5141","8.4466","-0.36%"
"Mar 16, 2017","8.5092","8.4975","8.5582","8.4737","0.16%"
"Mar 15, 2017","8.4959","8.6267","8.6267","8.4918","-1.43%"
"Mar 14, 2017","8.6193","8.5649","8.6322","8.5573","0.62%"
"Mar 13, 2017","8.5659","8.5863","8.6105","8.5453","-0.43%"
"Mar 10, 2017","8.6027","8.5823","8.6302","8.5590","0.23%"
"Mar 09, 2017","8.5829","8.5507","8.5970","8.5285","0.40%"
"Mar 08, 2017","8.5484","8.4523","8.5535","8.4419","1.13%"
"Mar 07, 2017","8.4531","8.4931","8.5015","8.4347","-0.45%"
"Mar 06, 2017","8.4909","8.4207","8.4958","8.4123","0.81%"
"Mar 03, 2017","8.4225","8.4833","8.4886","8.4188","-0.72%"
"Mar 02, 2017","8.4833","8.4096","8.4953","8.4041","0.88%"
"Mar 01, 2017","8.4090","8.3943","8.4260","8.3736","0.17%"
"Feb 28, 2017","8.3944","8.3709","8.3974","8.3532","0.29%"
"Feb 27, 2017","8.3701","8.3578","8.3860","8.3346","-0.07%"
"Feb 24, 2017","8.3760","8.3400","8.3821","8.3208","0.45%"
"Feb 23, 2017","8.3382","8.3655","8.3787","8.3151","-0.34%"
"Feb 22, 2017","8.3666","8.3544","8.3985","8.3319","0.07%"
"Feb 21, 2017","8.3606","8.3384","8.3902","8.3299","0.28%"
"Feb 20, 2017","8.3372","8.3396","8.3598","8.3208","-0.01%"
"Feb 17, 2017","8.3381","8.2882","8.3548","8.2780","0.62%"
"Feb 16, 2017","8.2869","8.3374","8.3473","8.2743","-0.62%"
"Feb 15, 2017","8.3390","8.3971","8.4168","8.3285","-0.71%"
"Feb 14, 2017","8.3989","8.3877","8.4216","8.3500","0.10%"
"Feb 13, 2017","8.3905","8.3761","8.4067","8.3546","0.30%"
"Feb 10, 2017","8.3654","8.3428","8.4024","8.3262","0.36%"
"Feb 09, 2017","8.3354","8.3219","8.3514","8.2957","0.23%"
"Feb 08, 2017","8.3163","8.3255","8.3527","8.2875","-0.05%"
"Feb 07, 2017","8.3208","8.2517","8.3386","8.2460","0.83%"
"Feb 06, 2017","8.2520","8.2056","8.2741","8.1858","0.54%"
"Feb 03, 2017","8.2078","8.2537","8.2700","8.1853","-0.54%"
"Feb 02, 2017","8.2522","8.2338","8.2551","8.1738","0.22%"
"Feb 01, 2017","8.2344","8.2540","8.2749","8.2198","-0.14%"
"Jan 31, 2017","8.2460","8.3167","8.3274","8.2245","-0.83%"
"Jan 30, 2017","8.3148","8.3364","8.3610","8.2954","-0.32%"
"Jan 27, 2017","8.3419","8.3355","8.3693","8.3009","0.02%"
"Jan 26, 2017","8.3399","8.3108","8.3662","8.2924","0.34%"
"Jan 25, 2017","8.3117","8.3462","8.3721","8.2955","-0.48%"
"Jan 24, 2017","8.3521","8.3399","8.3706","8.3111","0.06%"
"Jan 23, 2017","8.3468","8.4064","8.4175","8.3373","-0.77%"
"Jan 20, 2017","8.4119","8.4493","8.4688","8.3886","-0.42%"
"Jan 19, 2017","8.4477","8.4950","8.5114","8.4396","-0.55%"
"Jan 18, 2017","8.4946","8.4488","8.5046","8.4342","0.56%"
"Jan 17, 2017","8.4474","8.5228","8.5366","8.4232","-0.98%"
"Jan 16, 2017","8.5311","8.5281","8.5541","8.4969","0.33%"
"Jan 13, 2017","8.5029","8.5345","8.5449","8.4864","-0.29%"
"Jan 12, 2017","8.5275","8.5516","8.5604","8.4744","-0.28%"
"Jan 11, 2017","8.5514","8.6050","8.6721","8.5186","-0.64%"
"Jan 10, 2017","8.6065","8.5374","8.6119","8.5005","0.79%"
"Jan 09, 2017","8.5393","8.5250","8.5842","8.5190","0.04%"
"Jan 06, 2017","8.5359","8.4803","8.5481","8.4605","0.68%"
"Jan 05, 2017","8.4780","8.5935","8.6041","8.4691","-1.35%"
"Jan 04, 2017","8.5942","8.6588","8.6756","8.5885","-0.72%"
"Jan 03, 2017","8.6563","8.6583","8.6924","8.6264","0.01%"
"Jan 02, 2017","8.6554","8.6352","8.6618","8.6139","0.18%"
"Dec 30, 2016","8.6395","8.6415","8.6501","8.5268","-0.05%"
"Dec 29, 2016","8.6442","8.7137","8.7244","8.6341","-0.91%"
"Dec 28, 2016","8.7237","8.7032","8.7643","8.6885","0.29%"
"Dec 27, 2016","8.6982","8.6925","8.7273","8.6825","0.05%"
"Dec 26, 2016","8.6936","8.6864","8.7115","8.6764","-0.08%"
"Dec 23, 2016","8.7005","8.7122","8.7256","8.6840","-0.17%"
"Dec 22, 2016","8.7149","8.6831","8.7260","8.6578","0.37%"
"Dec 21, 2016","8.6825","8.7011","8.7106","8.6272","-0.26%"
"Dec 20, 2016","8.7050","8.6858","8.7271","8.6668","0.22%"
"Dec 19, 2016","8.6857","8.6879","8.7022","8.6266","0.15%"
"Dec 16, 2016","8.6731","8.6730","8.7239","8.6452","0.06%"
"Dec 15, 2016","8.6680","8.5749","8.7032","8.5450","1.08%"
"Dec 14, 2016","8.5755","8.4287","8.6067","8.4063","1.79%"
"Dec 13, 2016","8.4243","8.4382","8.4550","8.3925","-0.16%"
"Dec 12, 2016","8.4380","8.5046","8.5126","8.4186","-0.75%"
"Dec 09, 2016","8.5016","8.4327","8.5325","8.4193","0.81%"
"Dec 08, 2016","8.4330","8.3641","8.4651","8.3141","0.82%"
"Dec 07, 2016","8.3641","8.4064","8.4243","8.3419","-0.47%"
"Dec 06, 2016","8.4033","8.3710","8.4080","8.3345","0.38%"
"Dec 05, 2016","8.3718","8.4012","8.5319","8.3419","-0.57%"
"Dec 02, 2016","8.4202","8.4194","8.4640","8.3922","-0.00%"
"Dec 01, 2016","8.4205","8.5297","8.5335","8.4117","-1.23%"
"Nov 30, 2016","8.5256","8.5406","8.5570","8.4544","-0.07%"
"Nov 29, 2016","8.5319","8.5326","8.5922","8.5145","-0.07%"
"Nov 28, 2016","8.5378","8.5746","8.5987","8.5074","-0.47%"
"Nov 25, 2016","8.5783","8.6051","8.6184","8.5436","-0.24%"
"Nov 24, 2016","8.5993","8.6107","8.6430","8.5665","-0.16%"
"Nov 23, 2016","8.6135","8.5186","8.6271","8.4978","1.09%"
"Nov 22, 2016","8.5208","8.5436","8.5571","8.4879","-0.28%"
"Nov 21, 2016","8.5446","8.5952","8.6140","8.5267","-0.60%"
"Nov 18, 2016","8.5963","8.5484","8.6174","8.5388","0.66%"
"Nov 17, 2016","8.5403","8.4779","8.5491","8.4446","0.74%"
"Nov 16, 2016","8.4774","8.4259","8.5131","8.3944","0.53%"
"Nov 15, 2016","8.4326","8.4823","8.4844","8.3833","-0.49%"
"Nov 14, 2016","8.4740","8.4192","8.5270","8.4108","0.81%"
"Nov 11, 2016","8.4057","8.3626","8.4412","8.3458","0.49%"
"Nov 10, 2016","8.3650","8.3461","8.4247","8.2694","0.25%"
"Nov 09, 2016","8.3442","8.2284","8.3518","8.1462","1.40%"
"Nov 08, 2016","8.2294","8.2355","8.2497","8.2036","-0.06%"
"Nov 07, 2016","8.2344","8.1612","8.2676","8.1355","0.92%"
"Nov 04, 2016","8.1593","8.1937","8.2371","8.1573","-0.33%"
"Nov 03, 2016","8.1867","8.1883","8.1978","8.1581","-0.05%"
"Nov 02, 2016","8.1904","8.2203","8.2289","8.1682","-0.30%"
"Nov 01, 2016","8.2152","8.2586","8.2716","8.1780","-0.54%"
"Oct 31, 2016","8.2594","8.2610","8.2843","8.2421","-0.06%"
"Oct 28, 2016","8.2643","8.2656","8.3012","8.2346","-0.02%"
"Oct 27, 2016","8.2662","8.2727","8.2905","8.2097","-0.14%"
"Oct 26, 2016","8.2780","8.2833","8.2879","8.2452","-0.06%"
"Oct 25, 2016","8.2829","8.2549","8.2916","8.2393","0.34%"
"Oct 24, 2016","8.2551","8.2507","8.2765","8.2210","0.08%"
"Oct 21, 2016","8.2481","8.1855","8.2808","8.1737","0.79%"
"Oct 20, 2016","8.1838","8.1346","8.2178","8.1223","0.60%"
"Oct 19, 2016","8.1348","8.1531","8.1746","8.1277","-0.22%"
"Oct 18, 2016","8.1529","8.1717","8.1868","8.1176","-0.34%"
"Oct 17, 2016","8.1809","8.2132","8.2607","8.1714","-0.48%"
"Oct 14, 2016","8.2205","8.1517","8.2416","8.1371","0.85%"
"Oct 13, 2016","8.1512","8.2154","8.2607","8.1446","-0.78%"
"Oct 12, 2016","8.2156","8.1907","8.2544","8.1701","0.41%"
"Oct 11, 2016","8.1817","8.0871","8.2088","8.0739","1.19%"
"Oct 10, 2016","8.0854","8.0895","8.1377","8.0612","-0.08%"
"Oct 07, 2016","8.0919","8.0550","8.1282","8.0244","0.51%"
"Oct 06, 2016","8.0511","8.0244","8.0688","8.0125","0.41%"
"Oct 05, 2016","8.0179","8.0078","8.0419","7.9737","0.11%"
"Oct 04, 2016","8.0088","7.9808","8.0255","7.9646","0.34%"
"Oct 03, 2016","7.9816","7.9925","8.0104","7.9419","-0.05%"
"Sep 30, 2016","7.9858","8.0476","8.1012","7.9723","-0.78%"
"Sep 29, 2016","8.0485","8.0320","8.0709","7.9973","0.13%"
"Sep 28, 2016","8.0382","8.1150","8.1403","8.0288","-0.96%"
"Sep 27, 2016","8.1163","8.1100","8.1670","8.0641","0.09%"
"Sep 26, 2016","8.1093","8.1174","8.1447","8.0848","-0.05%"
"Sep 23, 2016","8.1131","8.1359","8.1470","8.0931","-0.28%"
"Sep 22, 2016","8.1360","8.2691","8.2733","8.0817","-1.51%"
"Sep 21, 2016","8.2611","8.3117","8.3309","8.2492","-0.59%"
"Sep 20, 2016","8.3101","8.2870","8.3107","8.2511","0.25%"
"Sep 19, 2016","8.2897","8.3089","8.3238","8.2663","-0.29%"
"Sep 16, 2016","8.3135","8.2334","8.3262","8.2236","0.99%"
"Sep 15, 2016","8.2318","8.2363","8.2759","8.2099","-0.10%"
"Sep 14, 2016","8.2404","8.2843","8.2918","8.2167","-0.46%"
"Sep 13, 2016","8.2785","8.2282","8.2881","8.1967","0.50%"
"Sep 12, 2016","8.2373","8.2254","8.2806","8.1977","-0.20%"
"Sep 09, 2016","8.2540","8.1877","8.2786","8.1611","0.82%"
"Sep 08, 2016","8.1872","8.1796","8.2151","8.1129","0.09%"
"Sep 07, 2016","8.1801","8.1689","8.1985","8.1507","0.12%"
"Sep 06, 2016","8.1700","8.3049","8.3125","8.1661","-1.63%"
"Sep 05, 2016","8.3056","8.3226","8.3334","8.2623","-0.09%"
"Sep 02, 2016","8.3134","8.3374","8.3493","8.2450","-0.26%"
"Sep 01, 2016","8.3348","8.3187","8.4020","8.3069","0.13%"
"Aug 31, 2016","8.3242","8.3472","8.3636","8.3084","-0.23%"
"Aug 30, 2016","8.3435","8.2794","8.3572","8.2656","0.78%"
"Aug 29, 2016","8.2789","8.2825","8.3307","8.2705","0.05%"
"Aug 26, 2016","8.2744","8.2149","8.3043","8.1355","0.67%"
"Aug 25, 2016","8.2192","8.2093","8.2325","8.1809","0.04%"
"Aug 24, 2016","8.2161","8.2149","8.2433","8.1698","0.01%"
"Aug 23, 2016","8.2152","8.2059","8.2353","8.1748","0.11%"
"Aug 22, 2016","8.2059","8.2142","8.2653","8.2059","-0.14%"
"Aug 19, 2016","8.2178","8.1535","8.2355","8.1409","0.87%"
"Aug 18, 2016","8.1471","8.2023","8.2111","8.1440","-0.70%"
"Aug 17, 2016","8.2044","8.2034","8.2622","8.1799","0.11%"
"Aug 16, 2016","8.1956","8.2096","8.2336","8.1176","-0.22%"
"Aug 15, 2016","8.2134","8.1998","8.2437","8.1892","0.06%"
"Aug 12, 2016","8.2087","8.2520","8.2534","8.1488","-0.48%"
"Aug 11, 2016","8.2487","8.2685","8.2997","8.2041","-0.23%"
"Aug 10, 2016","8.2680","8.4052","8.4131","8.2452","-1.64%"
"Aug 09, 2016","8.4059","8.4658","8.4980","8.3869","-0.75%"
"Aug 08, 2016","8.4695","8.5027","8.5182","8.4627","-0.36%"
"Aug 05, 2016","8.5003","8.4389","8.5197","8.4183","0.72%"
"Aug 04, 2016","8.4397","8.4611","8.4974","8.4290","-0.18%"
"Aug 03, 2016","8.4547","8.4287","8.4674","8.4049","0.27%"
"Aug 02, 2016","8.4322","8.4974","8.5050","8.3962","-0.78%"
"Aug 01, 2016","8.4988","8.4202","8.5026","8.4124","0.59%"
"Jul 29, 2016","8.4486","8.5493","8.5683","8.3986","-1.25%"
"Jul 28, 2016","8.5557","8.5372","8.5699","8.4904","0.21%"
"Jul 27, 2016","8.5378","8.5761","8.6148","8.5231","-0.35%"
"Jul 26, 2016","8.5680","8.5722","8.5930","8.5480","-0.05%"
"Jul 25, 2016","8.5720","8.5500","8.5931","8.5340","0.23%"
"Jul 22, 2016","8.5525","8.4903","8.5677","8.4802","0.71%"
"Jul 21, 2016","8.4925","8.4989","8.5160","8.4450","-0.08%"
"Jul 20, 2016","8.4994","8.5133","8.5341","8.4820","-0.17%"
"Jul 19, 2016","8.5136","8.4487","8.5208","8.4319","0.77%"
"Jul 18, 2016","8.4487","8.4712","8.4880","8.4329","-0.39%"
"Jul 15, 2016","8.4816","8.3731","8.4996","8.3460","1.39%"
"Jul 14, 2016","8.3657","8.4217","8.4346","8.3466","-0.73%"
"Jul 13, 2016","8.4276","8.4366","8.4766","8.3841","-0.12%"
"Jul 12, 2016","8.4376","8.5104","8.5124","8.3970","-0.82%"
"Jul 11, 2016","8.5072","8.5199","8.5507","8.4652","-0.22%"
"Jul 08, 2016","8.5260","8.5193","8.5557","8.4657","0.24%"
"Jul 07, 2016","8.5053","8.4324","8.5260","8.4169","0.86%"
"Jul 06, 2016","8.4328","8.4065","8.5137","8.3982","0.31%"
"Jul 05, 2016","8.4070","8.2884","8.4221","8.2869","1.42%"
"Jul 04, 2016","8.2895","8.3480","8.3577","8.2807","-0.59%"
"Jul 01, 2016","8.3390","8.3639","8.3966","8.3176","-0.30%"
"Jun 30, 2016","8.3643","8.3916","8.4302","8.3438","-0.35%"
"Jun 29, 2016","8.3934","8.4740","8.4939","8.3707","-0.97%"
"Jun 28, 2016","8.4756","8.5713","8.5986","8.4232","-1.17%"
"Jun 27, 2016","8.5757","8.4859","8.6211","8.4486","2.10%"
"Jun 24, 2016","8.3992","8.1536","8.7272","8.0981","3.08%"
"Jun 23, 2016","8.1480","8.2909","8.2933","8.1231","-1.74%"
"Jun 22, 2016","8.2927","8.3164","8.3299","8.2500","-0.29%"
"Jun 21, 2016","8.3166","8.2817","8.3401","8.2468","0.45%"
"Jun 20, 2016","8.2791","8.3418","8.3418","8.2300","-0.88%"
"Jun 17, 2016","8.3530","8.3919","8.4033","8.3338","-0.44%"
"Jun 16, 2016","8.3901","8.3127","8.4817","8.2948","0.98%"
"Jun 15, 2016","8.3085","8.3629","8.3703","8.2650","-0.64%"
"Jun 14, 2016","8.3618","8.2649","8.3715","8.2529","1.19%"
"Jun 13, 2016","8.2632","8.2671","8.3180","8.2311","-0.13%"
"Jun 10, 2016","8.2741","8.1558","8.2772","8.1402","1.44%"
"Jun 09, 2016","8.1564","8.0949","8.1784","8.0852","0.66%"
"Jun 08, 2016","8.1028","8.1107","8.1268","8.0678","-0.12%"
"Jun 07, 2016","8.1127","8.1685","8.1795","8.1024","-0.71%"
"Jun 06, 2016","8.1705","8.1893","8.2244","8.1567","-0.11%"
"Jun 03, 2016","8.1794","8.3373","8.3489","8.1631","-1.87%"
"Jun 02, 2016","8.3355","8.3053","8.3765","8.2770","0.36%"
"Jun 01, 2016","8.3054","8.3710","8.3884","8.2864","-0.89%"
"May 31, 2016","8.3799","8.3445","8.3911","8.3239","0.41%"
"May 30, 2016","8.3453","8.3277","8.3744","8.3231","0.10%"
"May 27, 2016","8.3367","8.2805","8.3547","8.2589","0.70%"
"May 26, 2016","8.2786","8.3215","8.3397","8.2373","-0.53%"
"May 25, 2016","8.3224","8.3552","8.3645","8.3142","-0.36%"
"May 24, 2016","8.3522","8.3560","8.4139","8.3329","0.03%"
"May 23, 2016","8.3500","8.3223","8.3846","8.2951","0.25%"
"May 20, 2016","8.3294","8.3645","8.3713","8.2998","-0.43%"
"May 19, 2016","8.3651","8.3170","8.3999","8.2989","0.63%"
"May 18, 2016","8.3127","8.1798","8.3218","8.1742","1.62%"
"May 17, 2016","8.1798","8.1654","8.1966","8.1231","0.14%"
"May 16, 2016","8.1683","8.1926","8.2044","8.1329","-0.48%"
"May 13, 2016","8.2081","8.1334","8.2274","8.1213","0.94%"
"May 12, 2016","8.1314","8.1658","8.1812","8.0874","-0.42%"
"May 11, 2016","8.1654","8.2121","8.2328","8.1271","-0.58%"
"May 10, 2016","8.2127","8.2248","8.2444","8.1916","-0.14%"
"May 09, 2016","8.2243","8.1995","8.2376","8.1689","0.29%"
"May 06, 2016","8.2005","8.1675","8.2178","8.1539","0.35%"
"May 05, 2016","8.1717","8.1499","8.1885","8.1079","0.20%"
"May 04, 2016","8.1552","8.1297","8.1707","8.0975","0.38%"
"May 03, 2016","8.1240","8.0196","8.1290","7.9700","1.35%"
"May 02, 2016","8.0154","8.0529","8.0744","8.0090","-0.46%"
"Apr 29, 2016","8.0523","8.1420","8.1600","8.0411","-1.08%"
"Apr 28, 2016","8.1405","8.1561","8.1698","8.1001","-0.26%"
"Apr 27, 2016","8.1617","8.1585","8.2051","8.1233","0.04%"
"Apr 26, 2016","8.1585","8.2073","8.2330","8.1159","-0.61%"
"Apr 25, 2016","8.2084","8.2324","8.2537","8.1730","-0.43%"
"Apr 22, 2016","8.2435","8.2041","8.2506","8.1720","0.45%"
"Apr 21, 2016","8.2065","8.1185","8.2144","8.0813","1.09%"
"Apr 20, 2016","8.1182","8.1138","8.1628","8.0993","0.01%"
"Apr 19, 2016","8.1175","8.2114","8.2225","8.0945","-1.20%"
"Apr 18, 2016","8.2157","8.2458","8.3210","8.1868","-0.45%"
"Apr 15, 2016","8.2525","8.2281","8.2629","8.2164","0.22%"
"Apr 14, 2016","8.2345","8.2349","8.3034","8.2000","0.00%"
"Apr 13, 2016","8.2343","8.1623","8.2538","8.1606","0.81%"
"Apr 12, 2016","8.1683","8.1975","8.2344","8.1250","-0.39%"
"Apr 11, 2016","8.2004","8.2275","8.2580","8.1594","-0.43%"
"Apr 08, 2016","8.2359","8.3191","8.3361","8.1924","-1.05%"
"Apr 07, 2016","8.3233","8.3261","8.3442","8.2590","0.02%"
"Apr 06, 2016","8.3214","8.3313","8.3726","8.2769","-0.10%"
"Apr 05, 2016","8.3297","8.3294","8.3803","8.3178","-0.01%"
"Apr 04, 2016","8.3304","8.3109","8.3537","8.2851","0.19%"
"Apr 01, 2016","8.3146","8.2639","8.3497","8.2468","0.57%"
"Mar 31, 2016","8.2674","8.3122","8.3379","8.2528","-0.51%"
"Mar 30, 2016","8.3095","8.3980","8.4069","8.2818","-1.00%"
"Mar 29, 2016","8.3936","8.4254","8.4914","8.3752","-0.46%"
"Mar 28, 2016","8.4328","8.4892","8.5157","8.4130","-0.47%"
"Mar 25, 2016","8.4727","8.4814","8.5095","8.4583","-0.15%"
"Mar 24, 2016","8.4858","8.4821","8.5220","8.4619","0.06%"
"Mar 23, 2016","8.4806","8.4055","8.4997","8.3904","0.91%"
"Mar 22, 2016","8.4044","8.4179","8.4675","8.3758","-0.17%"
"Mar 21, 2016","8.4187","8.3901","8.4283","8.3554","0.27%"
"Mar 18, 2016","8.3958","8.3238","8.3995","8.2987","0.88%"
"Mar 17, 2016","8.3224","8.4553","8.4664","8.2997","-1.60%"
"Mar 16, 2016","8.4574","8.5477","8.6067","8.4386","-1.05%"
"Mar 15, 2016","8.5473","8.4705","8.5805","8.4608","0.91%"
"Mar 14, 2016","8.4703","8.4103","8.4969","8.3964","0.69%"
"Mar 11, 2016","8.4120","8.5199","8.5471","8.3928","-1.27%"
"Mar 10, 2016","8.5199","8.5200","8.6073","8.4528","-0.00%"
"Mar 09, 2016","8.5203","8.5555","8.5917","8.4913","-0.52%"
"Mar 08, 2016","8.5648","8.5108","8.6082","8.4926","0.72%"
"Mar 07, 2016","8.5032","8.4776","8.5619","8.4746","0.31%"
"Mar 04, 2016","8.4769","8.5862","8.5958","8.4707","-1.26%"
"Mar 03, 2016","8.5852","8.6650","8.6924","8.5610","-0.92%"
"Mar 02, 2016","8.6649","8.6498","8.7217","8.6331","0.16%"
"Mar 01, 2016","8.6514","8.6962","8.7074","8.6295","-0.48%"
"Feb 29, 2016","8.6931","8.6901","8.7439","8.6709","0.08%"
"Feb 26, 2016","8.6864","8.6302","8.6991","8.5889","0.66%"
"Feb 25, 2016","8.6292","8.6631","8.6847","8.6075","-0.43%"
"Feb 24, 2016","8.6666","8.6082","8.7582","8.5815","0.67%"
"Feb 23, 2016","8.6089","8.5970","8.6396","8.5806","0.08%"
"Feb 22, 2016","8.6017","8.5697","8.6389","8.5566","0.55%"
"Feb 19, 2016","8.5546","8.5922","8.6269","8.5483","-0.43%"
"Feb 18, 2016","8.5914","8.5442","8.6113","8.5283","0.56%"
"Feb 17, 2016","8.5434","8.6254","8.6464","8.5334","-0.96%"
"Feb 16, 2016","8.6261","8.6263","8.6477","8.5791","0.05%"
"Feb 15, 2016","8.6222","8.5802","8.6628","8.5693","0.48%"
"Feb 12, 2016","8.5812","8.5597","8.6328","8.5354","0.25%"
"Feb 11, 2016","8.5597","8.5170","8.5944","8.4959","0.50%"
"Feb 10, 2016","8.5168","8.5885","8.5983","8.4982","-0.78%"
"Feb 09, 2016","8.5837","8.5899","8.6268","8.5423","-0.07%"
"Feb 08, 2016","8.5899","8.5569","8.6531","8.5277","0.01%"
"Feb 05, 2016","8.5888","8.5048","8.6156","8.4808","1.01%"
"Feb 04, 2016","8.5033","8.5651","8.5839","8.4425","-0.74%"
"Feb 03, 2016","8.5668","8.7258","8.7427","8.5346","-1.88%"
"Feb 02, 2016","8.7306","8.6890","8.7521","8.6789","0.47%"
"Feb 01, 2016","8.6896","8.6775","8.7240","8.6340","0.15%"
"Jan 29, 2016","8.6767","8.6091","8.7370","8.5940","0.73%"
"Jan 28, 2016","8.6136","8.6618","8.6921","8.6052","-0.55%"
"Jan 27, 2016","8.6615","8.6994","8.7331","8.6404","-0.45%"
"Jan 26, 2016","8.7009","8.7664","8.7846","8.6769","-0.66%"
"Jan 25, 2016","8.7591","8.7460","8.7980","8.7093","0.26%"
"Jan 22, 2016","8.7366","8.7849","8.8109","8.7122","-0.65%"
"Jan 21, 2016","8.7942","8.8855","8.9687","8.7790","-0.92%"
"Jan 20, 2016","8.8755","8.8141","8.9239","8.8015","0.70%"
"Jan 19, 2016","8.8134","8.9058","8.9120","8.7900","-0.98%"
"Jan 18, 2016","8.9009","8.8258","8.9224","8.8186","0.78%"
"Jan 15, 2016","8.8318","8.7757","8.8567","8.7487","0.65%"
"Jan 14, 2016","8.7750","8.8122","8.8533","8.7496","-0.51%"
"Jan 13, 2016","8.8196","8.8865","8.9053","8.7925","-0.69%"
"Jan 12, 2016","8.8807","8.9425","8.9579","8.8460","-0.65%"
"Jan 11, 2016","8.9386","8.8760","8.9589","8.8391","0.89%"
"Jan 08, 2016","8.8600","8.8842","8.9623","8.8571","-0.26%"
"Jan 07, 2016","8.8834","8.9515","8.9850","8.8706","-0.77%"
"Jan 06, 2016","8.9520","8.9090","8.9935","8.8900","0.48%"
"Jan 05, 2016","8.9093","8.8712","8.9664","8.8522","0.32%"
"Jan 04, 2016","8.8805","8.8208","8.9496","8.8079","0.14%"
"Jan 01, 2016","8.8683","8.8397","8.8714","8.8371","0.29%"
"Dec 31, 2015","8.8423","8.7831","8.8755","8.7779","0.56%"
"Dec 30, 2015","8.7928","8.7306","8.8482","8.6973","0.84%"
"Dec 29, 2015","8.7193","8.7017","8.7485","8.6567","0.21%"
"Dec 28, 2015","8.7013","8.6679","8.7119","8.6610","-0.07%"
"Dec 25, 2015","8.7075","8.6985","8.7117","8.6836","0.09%"
"Dec 24, 2015","8.6994","8.7197","8.7283","8.6469","-0.24%"
"Dec 23, 2015","8.7202","8.7194","8.7544","8.6842","0.01%"
"Dec 22, 2015","8.7194","8.7812","8.7860","8.6787","-0.71%"
"Dec 21, 2015","8.7819","8.7440","8.8142","8.7264","0.46%"
"Dec 18, 2015","8.7415","8.7667","8.7953","8.7176","-0.30%"
"Dec 17, 2015","8.7674","8.7647","8.8377","8.6708","0.07%"
"Dec 16, 2015","8.7614","8.6737","8.7898","8.6642","0.83%"
"Dec 15, 2015","8.6894","8.6466","8.7159","8.6063","0.37%"
"Dec 14, 2015","8.6570","8.6895","8.7550","8.6299","-0.31%"
"Dec 11, 2015","8.6837","8.6468","8.7240","8.6221","0.42%"
"Dec 10, 2015","8.6474","8.6701","8.6797","8.6055","-0.26%"
"Dec 09, 2015","8.6699","8.7889","8.8004","8.6484","-1.25%"
"Dec 08, 2015","8.7800","8.6667","8.8312","8.6420","1.40%"
"Dec 07, 2015","8.6584","8.5210","8.6811","8.5135","1.57%"
"Dec 04, 2015","8.5248","8.4837","8.5472","8.4549","0.48%"
"Dec 03, 2015","8.4837","8.6542","8.6805","8.4542","-1.96%"
"Dec 02, 2015","8.6531","8.6205","8.6847","8.5951","0.37%"
"Dec 01, 2015","8.6215","8.6967","8.7027","8.6120","-0.89%"
"Nov 30, 2015","8.6987","8.7020","8.7239","8.6617","-0.09%"
"Nov 27, 2015","8.7065","8.6587","8.7093","8.6479","0.50%"
"Nov 26, 2015","8.6635","8.6442","8.6762","8.6261","0.25%"
"Nov 25, 2015","8.6418","8.6470","8.6955","8.6095","-0.05%"
"Nov 24, 2015","8.6463","8.6456","8.6682","8.6248","-0.09%"
"Nov 23, 2015","8.6539","8.6247","8.6892","8.6085","0.24%"
"Nov 20, 2015","8.6329","8.6023","8.6459","8.5778","0.38%"
"Nov 19, 2015","8.5999","8.6714","8.6797","8.5752","-0.82%"
"Nov 18, 2015","8.6708","8.6839","8.7293","8.6217","-0.18%"
"Nov 17, 2015","8.6863","8.6967","8.7299","8.6461","-0.11%"
"Nov 16, 2015","8.6955","8.6776","8.7347","8.6603","0.22%"
"Nov 13, 2015","8.6768","8.6641","8.7269","8.6364","-0.03%"
"Nov 12, 2015","8.6792","8.6041","8.7119","8.5888","0.81%"
"Nov 11, 2015","8.6098","8.6313","8.6408","8.5809","-0.21%"
"Nov 10, 2015","8.6280","8.6700","8.7124","8.6174","-0.45%"
"Nov 09, 2015","8.6670","8.6573","8.6758","8.6037","0.01%"
"Nov 06, 2015","8.6663","8.5531","8.6936","8.5143","1.32%"
"Nov 05, 2015","8.5530","8.6523","8.6852","8.5461","-1.09%"
"Nov 04, 2015","8.6474","8.5040","8.6616","8.4931","1.66%"
"Nov 03, 2015","8.5064","8.4886","8.5563","8.4735","0.22%"
"Nov 02, 2015","8.4881","8.4759","8.5042","8.4235","0.05%"
"Oct 30, 2015","8.4840","8.5581","8.5995","8.4499","-0.93%"
"Oct 29, 2015","8.5636","8.5726","8.5963","8.5286","-0.10%"
"Oct 28, 2015","8.5719","8.4490","8.5941","8.4301","1.44%"
"Oct 27, 2015","8.4500","8.3331","8.4806","8.3192","1.41%"
"Oct 26, 2015","8.3323","8.3903","8.4124","8.3209","-0.65%"
"Oct 23, 2015","8.3870","8.3000","8.4292","8.2659","1.12%"
"Oct 22, 2015","8.2943","8.1888","8.2980","8.1685","1.22%"
"Oct 21, 2015","8.1941","8.1271","8.2031","8.1188","0.87%"
"Oct 20, 2015","8.1235","8.1317","8.1463","8.1064","-0.11%"
"Oct 19, 2015","8.1323","8.1120","8.1393","8.0869","0.25%"
"Oct 16, 2015","8.1117","8.0983","8.1182","8.0553","0.16%"
"Oct 15, 2015","8.0988","8.0737","8.1250","8.0351","0.21%"
"Oct 14, 2015","8.0821","8.1636","8.1708","8.0442","-0.92%"
"Oct 13, 2015","8.1570","8.0959","8.1852","8.0635","0.74%"
"Oct 12, 2015","8.0971","8.0843","8.1112","8.0487","0.22%"
"Oct 09, 2015","8.0790","8.1368","8.1590","8.0510","-0.77%"
"Oct 08, 2015","8.1421","8.2100","8.2234","8.1058","-0.88%"
"Oct 07, 2015","8.2143","8.2741","8.2951","8.1979","-0.76%"
"Oct 06, 2015","8.2774","8.4070","8.4400","8.2727","-1.53%"
"Oct 05, 2015","8.4056","8.3742","8.4271","8.3188","0.31%"
"Oct 02, 2015","8.3798","8.4283","8.4800","8.3175","-0.69%"
"Oct 01, 2015","8.4382","8.5172","8.5424","8.4081","-0.91%"
"Sep 30, 2015","8.5160","8.4760","8.5454","8.4193","0.50%"
"Sep 29, 2015","8.4738","8.5332","8.5503","8.4508","-0.70%"
"Sep 28, 2015","8.5332","8.5182","8.6108","8.5026","0.19%"
"Sep 25, 2015","8.5173","8.4558","8.5829","8.4546","0.76%"
"Sep 24, 2015","8.4530","8.2900","8.4912","8.2467","2.02%"
"Sep 23, 2015","8.2855","8.2834","8.3109","8.2456","-0.03%"
"Sep 22, 2015","8.2880","8.2192","8.3046","8.2000","0.79%"
"Sep 21, 2015","8.2233","8.1528","8.2333","8.1423","0.80%"
"Sep 18, 2015","8.1581","8.0857","8.1902","8.0414","0.91%"
"Sep 17, 2015","8.0846","8.1441","8.1738","8.0439","-0.80%"
"Sep 16, 2015","8.1494","8.1957","8.2409","8.1091","-0.56%"
"Sep 15, 2015","8.1952","8.1893","8.2298","8.1639","0.07%"
"Sep 14, 2015","8.1893","8.1451","8.2257","8.1080","0.45%"
"Sep 11, 2015","8.1523","8.1775","8.2362","8.1170","-0.37%"
"Sep 10, 2015","8.1822","8.2249","8.2682","8.1574","-0.44%"
"Sep 09, 2015","8.2183","8.2356","8.2723","8.2048","-0.22%"
"Sep 08, 2015","8.2363","8.3121","8.3369","8.2230","-1.04%"
"Sep 07, 2015","8.3232","8.3042","8.3443","8.2768","0.25%"
"Sep 04, 2015","8.3028","8.2818","8.3357","8.2323","0.25%"
"Sep 03, 2015","8.2823","8.2422","8.3293","8.2248","0.49%"
"Sep 02, 2015","8.2422","8.2876","8.3250","8.2162","-0.55%"
"Sep 01, 2015","8.2875","8.2773","8.3681","8.2515","0.08%"
"Aug 31, 2015","8.2806","8.2794","8.3953","8.2343","-0.06%"
"Aug 28, 2015","8.2855","8.3052","8.3408","8.2388","-0.15%"
"Aug 27, 2015","8.2976","8.3754","8.3864","8.2809","-0.98%"
"Aug 26, 2015","8.3798","8.2258","8.4030","8.1939","1.85%"
"Aug 25, 2015","8.2273","8.2068","8.2873","8.1179","0.19%"
"Aug 24, 2015","8.2118","8.2010","8.2486","8.0704","0.17%"
"Aug 21, 2015","8.1975","8.2355","8.2508","8.1822","-0.39%"
"Aug 20, 2015","8.2293","8.3037","8.3476","8.2136","-0.84%"
"Aug 19, 2015","8.2986","8.2856","8.3670","8.2525","0.14%"
"Aug 18, 2015","8.2870","8.2157","8.3009","8.2020","0.91%"
"Aug 17, 2015","8.2120","8.2085","8.2879","8.1827","-0.30%"
"Aug 14, 2015","8.2370","8.2223","8.2491","8.1551","0.21%"
"Aug 13, 2015","8.2194","8.1452","8.2325","8.1274","0.82%"
"Aug 12, 2015","8.1527","8.2757","8.3102","8.1098","-1.50%"
"Aug 11, 2015","8.2767","8.1978","8.2931","8.1750","0.94%"
"Aug 10, 2015","8.1994","8.2631","8.2772","8.1812","-0.84%"
"Aug 07, 2015","8.2690","8.2710","8.3311","8.2440","-0.10%"
"Aug 06, 2015","8.2769","8.2538","8.3060","8.2294","0.26%"
"Aug 05, 2015","8.2554","8.2916","8.3071","8.2265","-0.49%"
"Aug 04, 2015","8.2958","8.2493","8.2983","8.1769","0.51%"
"Aug 03, 2015","8.2540","8.1633","8.2552","8.1562","0.98%"
"Jul 31, 2015","8.1737","8.1704","8.2152","8.0678","0.01%"
"Jul 30, 2015","8.1728","8.1530","8.1986","8.1229","0.24%"
"Jul 29, 2015","8.1531","8.1709","8.2122","8.0924","-0.16%"
"Jul 28, 2015","8.1659","8.1703","8.2154","8.1405","-0.09%"
"Jul 27, 2015","8.1731","8.2007","8.2147","8.1247","-0.37%"
"Jul 24, 2015","8.2035","8.1728","8.2293","8.1627","0.32%"
"Jul 23, 2015","8.1771","8.1573","8.1995","8.1230","0.23%"
"Jul 22, 2015","8.1585","8.1110","8.1990","8.0914","0.55%"
"Jul 21, 2015","8.1140","8.2442","8.2718","8.1060","-1.50%"
"Jul 20, 2015","8.2379","8.1660","8.2444","8.1510","0.75%"
"Jul 17, 2015","8.1768","8.1547","8.1943","8.1206","0.20%"
"Jul 16, 2015","8.1608","8.1540","8.1961","8.1017","0.07%"
"Jul 15, 2015","8.1547","8.0997","8.1889","8.0920","0.67%"
"Jul 14, 2015","8.1003","8.0926","8.2022","8.0732","0.15%"
"Jul 13, 2015","8.0878","8.0105","8.0981","7.9864","0.90%"
"Jul 10, 2015","8.0159","8.1399","8.1471","7.9349","-1.53%"
"Jul 09, 2015","8.1405","8.2193","8.2634","8.0729","-1.01%"
"Jul 08, 2015","8.2239","8.1630","8.2712","8.1534","0.81%"
"Jul 07, 2015","8.1578","8.0741","8.2704","8.0641","1.04%"
"Jul 06, 2015","8.0741","8.0519","8.1118","8.0006","1.08%"
"Jul 03, 2015","7.9876","7.9670","8.0357","7.9395","0.30%"
"Jul 02, 2015","7.9634","7.9436","7.9892","7.8868","0.36%"
"Jul 01, 2015","7.9351","7.8486","7.9511","7.8218","1.16%"
"Jun 30, 2015","7.8444","7.8580","7.9204","7.8214","-0.17%"
"Jun 29, 2015","7.8576","7.9224","7.9403","7.8238","0.24%"
"Jun 26, 2015","7.8389","7.8054","7.8698","7.7819","0.37%"
"Jun 25, 2015","7.8103","7.8565","7.8834","7.7943","-0.51%"
"Jun 24, 2015","7.8503","7.8235","7.8854","7.7855","0.32%"
"Jun 23, 2015","7.8253","7.7432","7.8546","7.7233","1.05%"
"Jun 22, 2015","7.7437","7.7202","7.7730","7.6835","0.19%"
"Jun 19, 2015","7.7289","7.7924","7.8221","7.7208","-0.87%"
"Jun 18, 2015","7.7964","7.6627","7.8071","7.6023","1.80%"
"Jun 17, 2015","7.6583","7.7531","7.7763","7.6345","-1.30%"
"Jun 16, 2015","7.7591","7.7554","7.7984","7.7361","0.09%"
"Jun 15, 2015","7.7524","7.7463","7.8033","7.7463","0.09%"
"Jun 12, 2015","7.7454","7.8441","7.8863","7.7121","-1.26%"
"Jun 11, 2015","7.8439","7.7614","7.8694","7.7486","1.04%"
"Jun 10, 2015","7.7630","7.7754","7.7896","7.6472","-0.22%"
"Jun 09, 2015","7.7803","7.8094","7.8760","7.7497","-0.45%"
"Jun 08, 2015","7.8151","7.9588","7.9870","7.8041","-1.69%"
"Jun 05, 2015","7.9494","7.7532","8.0037","7.7407","2.44%"
"Jun 04, 2015","7.7599","7.7585","7.8214","7.7076","0.02%"
"Jun 03, 2015","7.7586","7.8352","7.8609","7.7083","-0.89%"
"Jun 02, 2015","7.8280","7.9515","7.9689","7.7555","-1.63%"
"Jun 01, 2015","7.9579","7.7670","7.9878","7.7505","2.41%"
"May 29, 2015","7.7704","7.7998","7.8366","7.7318","-0.45%"
"May 28, 2015","7.8057","7.7600","7.8812","7.7223","0.46%"
"May 27, 2015","7.7698","7.7572","7.8258","7.7102","0.19%"
"May 26, 2015","7.7550","7.6410","7.7661","7.6340","1.46%"
"May 25, 2015","7.6436","7.6419","7.6775","7.6270","-0.02%"
"May 22, 2015","7.6450","7.5584","7.6515","7.4990","1.16%"
"May 21, 2015","7.5575","7.5671","7.5908","7.5170","-0.21%"
"May 20, 2015","7.5732","7.5327","7.6060","7.5121","0.50%"
"May 19, 2015","7.5357","7.4091","7.5542","7.3960","1.75%"
"May 18, 2015","7.4061","7.3239","7.4302","7.3050","1.32%"
"May 15, 2015","7.3096","7.3702","7.3997","7.2842","-0.82%"
"May 14, 2015","7.3704","7.3924","7.4082","7.3459","-0.22%"
"May 13, 2015","7.3864","7.4860","7.4921","7.3475","-1.30%"
"May 12, 2015","7.4840","7.5675","7.5824","7.4530","-1.11%"
"May 11, 2015","7.5680","7.4747","7.5806","7.4651","1.23%"
"May 08, 2015","7.4762","7.4400","7.5127","7.4186","0.36%"
"May 07, 2015","7.4491","7.4383","7.5007","7.3142","0.19%"
"May 06, 2015","7.4350","7.5818","7.5976","7.3750","-1.82%"
"May 05, 2015","7.5727","7.5962","7.6722","7.5418","-0.29%"
"May 04, 2015","7.5950","7.6109","7.6287","7.5635","-0.11%"
"May 01, 2015","7.6037","7.5394","7.6397","7.5004","0.94%"
"Apr 30, 2015","7.5327","7.5194","7.5735","7.4409","0.14%"
"Apr 29, 2015","7.5225","7.6348","7.6652","7.4575","-1.54%"
"Apr 28, 2015","7.6400","7.7253","7.7568","7.6295","-1.12%"
"Apr 27, 2015","7.7265","7.7707","7.8099","7.6790","-0.48%"
"Apr 24, 2015","7.7635","7.8385","7.8608","7.7536","-0.94%"
"Apr 23, 2015","7.8375","7.9033","7.9595","7.8028","-0.90%"
"Apr 22, 2015","7.9085","7.8831","7.9382","7.8100","0.41%"
"Apr 21, 2015","7.8760","7.8800","7.9250","7.8197","-0.06%"
"Apr 20, 2015","7.8805","7.8223","7.8970","7.7810","0.66%"
"Apr 17, 2015","7.8289","7.7473","7.8580","7.7211","1.11%"
"Apr 16, 2015","7.7429","7.8240","7.8805","7.7100","-0.96%"
"Apr 15, 2015","7.8182","7.9465","7.9823","7.8131","-1.62%"
"Apr 14, 2015","7.9469","8.0971","8.1290","7.9132","-1.92%"
"Apr 13, 2015","8.1021","8.1109","8.1506","8.0766","0.02%"
"Apr 10, 2015","8.1001","8.1094","8.1644","8.0783","-0.12%"
"Apr 09, 2015","8.1095","8.0575","8.1309","8.0273","0.65%"
"Apr 08, 2015","8.0572","8.0860","8.0932","7.9730","-0.34%"
"Apr 07, 2015","8.0850","7.9638","8.0954","7.9234","1.57%"
"Apr 06, 2015","7.9599","7.9101","7.9873","7.8888","0.18%"
"Apr 03, 2015","7.9457","7.9833","8.0148","7.8958","-0.56%"
"Apr 02, 2015","7.9904","8.0399","8.0475","7.9413","-0.54%"
"Apr 01, 2015","8.0334","8.0543","8.1140","7.9837","-0.33%"
"Mar 31, 2015","8.0602","8.0145","8.1448","7.9945","0.54%"
"Mar 30, 2015","8.0170","7.9740","8.0447","7.9475","0.52%"
"Mar 27, 2015","7.9754","7.9205","8.0372","7.8991","0.79%"
"Mar 26, 2015","7.9131","7.8410","7.9274","7.7305","0.93%"
"Mar 25, 2015","7.8400","7.8575","7.8752","7.7979","-0.23%"
"Mar 24, 2015","7.8580","7.8885","7.9168","7.7938","-0.39%"
"Mar 23, 2015","7.8890","8.0284","8.0742","7.8618","-1.78%"
"Mar 20, 2015","8.0318","8.0886","8.1238","7.9825","-0.70%"
"Mar 19, 2015","8.0884","8.1639","8.3874","8.0308","-0.95%"
"Mar 18, 2015","8.1661","8.3119","8.4201","8.0976","-1.76%"
"Mar 17, 2015","8.3125","8.2676","8.3279","8.2490","0.53%"
"Mar 16, 2015","8.2687","8.2187","8.2793","8.1775","0.69%"
"Mar 13, 2015","8.2120","8.1024","8.2364","8.0970","1.35%"
"Mar 12, 2015","8.1025","8.2101","8.2418","8.0477","-1.28%"
"Mar 11, 2015","8.2075","8.0873","8.2358","8.0836","1.50%"
"Mar 10, 2015","8.0865","7.9308","8.1090","7.9217","1.97%"
"Mar 09, 2015","7.9300","7.8990","7.9490","7.8627","0.28%"
"Mar 06, 2015","7.9075","7.7256","7.9124","7.7170","2.38%"
"Mar 05, 2015","7.7239","7.7775","7.8203","7.7034","-0.68%"
"Mar 04, 2015","7.7770","7.7139","7.8250","7.6965","0.82%"
"Mar 03, 2015","7.7135","7.6985","7.7218","7.6732","0.20%"
"Mar 02, 2015","7.6982","7.6653","7.7079","7.6509","0.43%"
"Feb 27, 2015","7.6653","7.6597","7.6813","7.6159","0.09%"
"Feb 26, 2015","7.6587","7.5454","7.6679","7.5219","1.52%"
"Feb 25, 2015","7.5443","7.5871","7.6129","7.5396","-0.57%"
"Feb 24, 2015","7.5877","7.6165","7.6461","7.5755","-0.39%"
"Feb 23, 2015","7.6175","7.5257","7.6536","7.5245","1.18%"
"Feb 20, 2015","7.5287","7.5895","7.6247","7.4973","-0.79%"
"Feb 19, 2015","7.5885","7.5250","7.6059","7.5060","0.81%"
"Feb 18, 2015","7.5273","7.5212","7.5622","7.4958","0.11%"
"Feb 17, 2015","7.5189","7.5692","7.5917","7.4949","-0.67%"
"Feb 16, 2015","7.5695","7.5743","7.5870","7.5334","-0.26%"
"Feb 13, 2015","7.5893","7.6385","7.6694","7.5546","-0.64%"
"Feb 12, 2015","7.6382","7.6479","7.7331","7.6121","-0.11%"
"Feb 11, 2015","7.6466","7.5805","7.6766","7.5495","0.86%"
"Feb 10, 2015","7.5813","7.6155","7.6176","7.5536","-0.46%"
"Feb 09, 2015","7.6160","7.6252","7.6556","7.5747","-0.17%"
"Feb 06, 2015","7.6286","7.5154","7.6319","7.4635","1.50%"
"Feb 05, 2015","7.5162","7.6010","7.6400","7.5012","-1.13%"
"Feb 04, 2015","7.6022","7.5196","7.6263","7.5048","1.11%"
"Feb 03, 2015","7.5186","7.6487","7.6655","7.4862","-1.71%"
"Feb 02, 2015","7.6492","7.7207","7.7436","7.6157","-1.01%"
"Jan 30, 2015","7.7274","7.8301","7.8398","7.7135","-1.30%"
"Jan 29, 2015","7.8290","7.8318","7.8615","7.7635","-0.05%"
"Jan 28, 2015","7.8328","7.7275","7.8351","7.6990","1.36%"
"Jan 27, 2015","7.7280","7.8070","7.8152","7.6958","-1.00%"
"Jan 26, 2015","7.8059","7.7775","7.8120","7.7370","0.45%"
"Jan 23, 2015","7.7711","7.6539","7.8021","7.6285","1.55%"
"Jan 22, 2015","7.6525","7.5880","7.6873","7.5656","0.84%"
"Jan 21, 2015","7.5885","7.6739","7.6937","7.5475","-1.09%"
"Jan 20, 2015","7.6722","7.6269","7.6968","7.5838","0.64%"
"Jan 19, 2015","7.6233","7.5590","7.6765","7.5470","0.94%"
"Jan 16, 2015","7.5525","7.5805","7.7455","7.5426","-0.34%"
"Jan 15, 2015","7.5786","7.6224","7.7586","7.5751","-0.56%"
"Jan 14, 2015","7.6214","7.7556","7.7768","7.6160","-1.77%"
"Jan 13, 2015","7.7586","7.7460","7.7695","7.6966","0.17%"
"Jan 12, 2015","7.7455","7.6623","7.7648","7.6402","1.10%"
"Jan 09, 2015","7.6612","7.6223","7.6965","7.6105","0.51%"
"Jan 08, 2015","7.6222","7.7049","7.7121","7.5952","-1.07%"
"Jan 07, 2015","7.7049","7.7465","7.8430","7.6666","-0.54%"
"Jan 06, 2015","7.7468","7.6371","7.7623","7.6011","1.42%"
"Jan 05, 2015","7.6384","7.5928","7.6779","7.5803","0.59%"
"Jan 02, 2015","7.5933","7.4538","7.5997","7.4503","1.88%"
"Jan 01, 2015","7.4535","7.4745","7.4745","7.4525","-0.27%"
"Dec 31, 2014","7.4740","7.4315","7.5033","7.3860","0.57%"
"Dec 30, 2014","7.4320","7.4638","7.4835","7.3995","-0.38%"
"Dec 29, 2014","7.4605","7.4724","7.5164","7.4048","-0.09%"
"Dec 26, 2014","7.4674","7.4378","7.4904","7.4245","0.42%"
"Dec 25, 2014","7.4360","7.4511","7.4593","7.4271","-0.19%"
"Dec 24, 2014","7.4501","7.4465","7.5261","7.4080","0.01%"
"Dec 23, 2014","7.4495","7.4255","7.4615","7.3639","0.34%"
"Dec 22, 2014","7.4245","7.3640","7.4533","7.3265","0.82%"
"Dec 19, 2014","7.3643","7.3988","7.4090","7.3217","-0.46%"
"Dec 18, 2014","7.3985","7.4075","7.4592","7.3409","-0.15%"
"Dec 17, 2014","7.4095","7.4267","7.5859","7.3035","-0.22%"
"Dec 16, 2014","7.4258","7.4853","7.8593","7.4247","-0.78%"
"Dec 15, 2014","7.4840","7.3640","7.4864","7.3407","1.57%"
"Dec 12, 2014","7.3680","7.2909","7.3985","7.2872","1.08%"
"Dec 11, 2014","7.2894","7.1590","7.3181","7.1262","1.76%"
"Dec 10, 2014","7.1635","7.1252","7.2268","7.1055","0.54%"
"Dec 09, 2014","7.1247","7.1610","7.1830","7.0657","-0.53%"
"Dec 08, 2014","7.1624","7.1387","7.1892","7.1322","0.42%"
"Dec 05, 2014","7.1323","7.0601","7.1828","7.0438","1.05%"
"Dec 04, 2014","7.0585","7.0385","7.1021","6.9985","0.35%"
"Dec 03, 2014","7.0338","7.0332","7.0580","7.0021","0.05%"
"Dec 02, 2014","7.0301","6.9392","7.0387","6.9325","1.32%"
"Dec 01, 2014","6.9386","7.0301","7.0612","6.9170","-1.32%"
"Nov 28, 2014","7.0312","6.9283","7.0420","6.9229","1.50%"
"Nov 27, 2014","6.9273","6.8292","6.9453","6.8123","1.42%"
"Nov 26, 2014","6.8302","6.8072","6.8388","6.7991","0.38%"
"Nov 25, 2014","6.8045","6.7800","6.8285","6.7785","0.35%"
"Nov 24, 2014","6.7805","6.8067","6.8067","6.7681","-0.39%"
"Nov 21, 2014","6.8070","6.7675","6.8074","6.7385","0.60%"
"Nov 20, 2014","6.7661","6.7883","6.8198","6.7442","-0.31%"
"Nov 19, 2014","6.7873","6.7318","6.8109","6.7285","0.83%"
"Nov 18, 2014","6.7317","6.7877","6.7939","6.7142","-0.84%"
"Nov 17, 2014","6.7890","6.7492","6.7978","6.7263","0.51%"
"Nov 14, 2014","6.7545","6.7953","6.8172","6.7359","-0.59%"
"Nov 13, 2014","6.7943","6.8015","6.8118","6.7540","-0.13%"
"Nov 12, 2014","6.8033","6.7945","6.8099","6.7375","0.12%"
"Nov 11, 2014","6.7952","6.8139","6.8479","6.7803","-0.27%"
"Nov 10, 2014","6.8134","6.8059","6.8198","6.7325","0.08%"
"Nov 07, 2014","6.8079","6.8692","6.8816","6.8004","-0.90%"
"Nov 06, 2014","6.8697","6.8257","6.8745","6.7965","0.63%"
"Nov 05, 2014","6.8270","6.8608","6.9367","6.8222","-0.47%"
"Nov 04, 2014","6.8593","6.8092","6.8993","6.7893","0.75%"
"Nov 03, 2014","6.8080","6.7579","6.8093","6.7525","0.80%"
"Oct 31, 2014","6.7538","6.7020","6.8019","6.6871","0.77%"
"Oct 30, 2014","6.7024","6.7046","6.7453","6.6939","-0.10%"
"Oct 29, 2014","6.7093","6.6130","6.7135","6.6025","1.47%"
"Oct 28, 2014","6.6123","6.5989","6.6433","6.5758","0.22%"
"Oct 27, 2014","6.5977","6.5879","6.6268","6.5716","-0.00%"
"Oct 24, 2014","6.5980","6.5775","6.6049","6.5649","0.31%"
"Oct 23, 2014","6.5777","6.6103","6.6436","6.5553","-0.51%"
"Oct 22, 2014","6.6112","6.5678","6.6288","6.5551","0.67%"
"Oct 21, 2014","6.5675","6.5534","6.5762","6.5332","0.20%"
"Oct 20, 2014","6.5546","6.5491","6.5871","6.5352","0.14%"
"Oct 17, 2014","6.5453","6.5460","6.5723","6.5252","0.01%"
"Oct 16, 2014","6.5445","6.5397","6.6792","6.5327","0.08%"
"Oct 15, 2014","6.5390","6.5790","6.6522","6.4918","-0.62%"
"Oct 14, 2014","6.5795","6.4729","6.5884","6.4615","1.65%"
"Oct 13, 2014","6.4729","6.5056","6.5190","6.4646","-0.57%"
"Oct 10, 2014","6.5098","6.4716","6.5430","6.4624","0.56%"
"Oct 09, 2014","6.4736","6.4424","6.4795","6.4049","0.50%"
"Oct 08, 2014","6.4416","6.4600","6.4897","6.4283","-0.31%"
"Oct 07, 2014","6.4615","6.4720","6.5005","6.4536","-0.21%"
"Oct 06, 2014","6.4752","6.5230","6.5331","6.4665","-0.75%"
"Oct 03, 2014","6.5244","6.4448","6.5442","6.4409","1.24%"
"Oct 02, 2014","6.4444","6.4485","6.4744","6.4200","-0.06%"
"Oct 01, 2014","6.4483","6.4263","6.4678","6.4230","0.34%"
"Sep 30, 2014","6.4262","6.4465","6.4661","6.4051","-0.25%"
"Sep 29, 2014","6.4426","6.4584","6.4692","6.4328","-0.25%"
"Sep 26, 2014","6.4585","6.4000","6.4625","6.3911","0.92%"
"Sep 25, 2014","6.3994","6.3930","6.4225","6.3894","0.12%"
"Sep 24, 2014","6.3915","6.3549","6.4045","6.3391","0.56%"
"Sep 23, 2014","6.3557","6.3430","6.3601","6.3178","0.19%"
"Sep 22, 2014","6.3435","6.3587","6.3647","6.3342","-0.16%"
"Sep 19, 2014","6.3536","6.3233","6.3635","6.3178","0.47%"
"Sep 18, 2014","6.3238","6.4499","6.4590","6.3180","-1.87%"
"Sep 17, 2014","6.4445","6.4027","6.4575","6.3953","0.66%"
"Sep 16, 2014","6.4025","6.3940","6.4199","6.3821","0.15%"
"Sep 15, 2014","6.3927","6.3599","6.4138","6.3594","0.49%"
"Sep 12, 2014","6.3616","6.3789","6.3914","6.3476","-0.28%"
"Sep 11, 2014","6.3794","6.3451","6.3846","6.3307","0.57%"
"Sep 10, 2014","6.3435","6.3435","6.3625","6.3315","-0.03%"
"Sep 09, 2014","6.3455","6.3318","6.3631","6.3286","0.19%"
"Sep 08, 2014","6.3335","6.2891","6.3469","6.2805","0.83%"
"Sep 05, 2014","6.2811","6.2625","6.2935","6.2615","0.33%"
"Sep 04, 2014","6.2605","6.2167","6.2763","6.2017","0.68%"
"Sep 03, 2014","6.2181","6.1875","6.2333","6.1840","0.49%"
"Sep 02, 2014","6.1875","6.1921","6.2067","6.1817","-0.07%"
"Sep 01, 2014","6.1917","6.1942","6.2107","6.1763","-0.06%"
"Aug 29, 2014","6.1955","6.1789","6.2031","6.1677","0.26%"
"Aug 28, 2014","6.1792","6.1774","6.1955","6.1657","-0.05%"
"Aug 27, 2014","6.1824","6.1788","6.1904","6.1668","0.05%"
"Aug 26, 2014","6.1795","6.1743","6.1864","6.1612","0.07%"
"Aug 25, 2014","6.1753","6.1723","6.1970","6.1682","0.10%"
"Aug 22, 2014","6.1691","6.1456","6.1729","6.1304","0.35%"
"Aug 21, 2014","6.1474","6.1940","6.2017","6.1442","-0.76%"
"Aug 20, 2014","6.1946","6.1660","6.1955","6.1596","0.49%"
"Aug 19, 2014","6.1644","6.1567","6.1694","6.1337","0.13%"
"Aug 18, 2014","6.1564","6.1405","6.1637","6.1326","0.37%"
"Aug 15, 2014","6.1339","6.1592","6.1644","6.1290","-0.43%"
"Aug 14, 2014","6.1601","6.1594","6.1675","6.1335","-0.01%"
"Aug 13, 2014","6.1605","6.1788","6.1849","6.1440","-0.31%"
"Aug 12, 2014","6.1798","6.1836","6.1954","6.1677","-0.06%"
"Aug 11, 2014","6.1836","6.2342","6.2523","6.1750","-0.84%"
"Aug 08, 2014","6.2362","6.2453","6.2650","6.2169","-0.17%"
"Aug 07, 2014","6.2468","6.2660","6.2877","6.2387","-0.30%"
"Aug 06, 2014","6.2655","6.2785","6.3090","6.2634","-0.25%"
"Aug 05, 2014","6.2810","6.2620","6.2846","6.2539","0.29%"
"Aug 04, 2014","6.2628","6.2689","6.2940","6.2580","-0.04%"
"Aug 01, 2014","6.2655","6.2856","6.3049","6.2602","-0.33%"
"Jul 31, 2014","6.2860","6.2565","6.2993","6.2497","0.46%"
"Jul 30, 2014","6.2570","6.2512","6.2811","6.2404","0.10%"
"Jul 29, 2014","6.2507","6.2267","6.2571","6.2199","0.38%"
"Jul 28, 2014","6.2268","6.2185","6.2307","6.2029","0.04%"
"Jul 25, 2014","6.2240","6.2004","6.2308","6.1911","0.39%"
"Jul 24, 2014","6.1999","6.1963","6.2258","6.1932","0.05%"
"Jul 23, 2014","6.1968","6.1925","6.2049","6.1759","0.10%"
"Jul 22, 2014","6.1905","6.1980","6.2045","6.1782","-0.10%"
"Jul 21, 2014","6.1965","6.1884","6.2224","6.1765","0.11%"
"Jul 18, 2014","6.1899","6.2080","6.2219","6.1685","-0.29%"
"Jul 17, 2014","6.2078","6.1944","6.2114","6.1867","0.17%"
"Jul 16, 2014","6.1972","6.2087","6.2295","6.1914","-0.19%"
"Jul 15, 2014","6.2087","6.1845","6.2228","6.1723","0.38%"
"Jul 14, 2014","6.1853","6.1760","6.1875","6.1639","0.12%"
"Jul 11, 2014","6.1778","6.1713","6.1865","6.1516","0.16%"
"Jul 10, 2014","6.1679","6.1519","6.1772","6.1457","0.23%"
"Jul 09, 2014","6.1535","6.1894","6.1955","6.1485","-0.58%"
"Jul 08, 2014","6.1895","6.1564","6.1931","6.1552","0.54%"
"Jul 07, 2014","6.1564","6.1833","6.2071","6.1522","-0.55%"
"Jul 04, 2014","6.1904","6.1895","6.2204","6.1801","0.03%"
"Jul 03, 2014","6.1883","6.1744","6.2422","6.1672","0.22%"
"Jul 02, 2014","6.1749","6.1644","6.1850","6.1604","0.17%"
"Jul 01, 2014","6.1647","6.1370","6.1775","6.1296","0.52%"
"Jun 30, 2014","6.1331","6.1257","6.1705","6.1228","0.06%"
"Jun 27, 2014","6.1297","6.1339","6.1551","6.1173","-0.06%"
"Jun 26, 2014","6.1336","6.1305","6.1611","6.1196","0.04%"
"Jun 25, 2014","6.1313","6.1113","6.1498","6.1042","0.30%"
"Jun 24, 2014","6.1130","6.1079","6.1251","6.0879","0.07%"
"Jun 23, 2014","6.1086","6.1237","6.1397","6.1078","-0.15%"
"Jun 20, 2014","6.1180","6.1215","6.1659","6.1094","-0.02%"
"Jun 19, 2014","6.1195","6.0100","6.1339","5.9937","1.84%"
"Jun 18, 2014","6.0090","6.0021","6.0403","5.9937","0.09%"
"Jun 17, 2014","6.0037","5.9881","6.0099","5.9810","0.22%"
"Jun 16, 2014","5.9904","5.9905","6.0123","5.9830","-0.08%"
"Jun 13, 2014","5.9952","5.9934","6.0166","5.9794","0.06%"
"Jun 12, 2014","5.9917","6.0007","6.0088","5.9797","-0.16%"
"Jun 11, 2014","6.0016","5.9776","6.0059","5.9750","0.42%"
"Jun 10, 2014","5.9767","5.9686","5.9860","5.9434","0.08%"
"Jun 09, 2014","5.9719","5.9468","5.9779","5.9348","0.44%"
"Jun 06, 2014","5.9455","5.9852","5.9906","5.9434","-0.63%"
"Jun 05, 2014","5.9833","6.0046","6.0155","5.9765","-0.37%"
"Jun 04, 2014","6.0056","6.0033","6.0120","5.9870","0.05%"
"Jun 03, 2014","6.0024","5.9935","6.0135","5.9879","0.12%"
"Jun 02, 2014","5.9955","5.9690","6.0043","5.9675","0.39%"
"May 30, 2014","5.9724","5.9685","5.9917","5.9618","0.12%"
"May 29, 2014","5.9653","5.9760","5.9765","5.9413","-0.17%"
"May 28, 2014","5.9755","5.9530","5.9792","5.9393","0.37%"
"May 27, 2014","5.9537","5.9574","5.9725","5.9462","-0.06%"
"May 26, 2014","5.9573","5.9642","5.9725","5.9535","-0.06%"
"May 23, 2014","5.9606","5.9513","5.9730","5.9450","0.19%"
"May 22, 2014","5.9490","5.9458","5.9612","5.9286","0.07%"
"May 21, 2014","5.9451","5.9519","5.9649","5.9394","-0.13%"
"May 20, 2014","5.9529","5.9341","5.9589","5.9232","0.36%"
"May 19, 2014","5.9316","5.9330","5.9470","5.9205","-0.05%"
"May 16, 2014","5.9347","5.9509","5.9580","5.9299","-0.27%"
"May 15, 2014","5.9508","5.9249","5.9533","5.9203","0.44%"
"May 14, 2014","5.9248","5.9216","5.9316","5.9098","0.03%"
"May 13, 2014","5.9229","5.9210","5.9369","5.9061","0.05%"
"May 12, 2014","5.9197","5.9092","5.9272","5.9015","0.10%"
"May 09, 2014","5.9140","5.8995","5.9210","5.8706","0.25%"
"May 08, 2014","5.8995","5.9101","5.9140","5.8482","-0.15%"
"May 07, 2014","5.9085","5.9222","5.9366","5.8955","-0.25%"
"May 06, 2014","5.9231","5.9582","5.9598","5.9050","-0.59%"
"May 05, 2014","5.9585","5.9345","5.9667","5.9255","0.36%"
"May 02, 2014","5.9371","5.9441","5.9734","5.9338","-0.09%"
"May 01, 2014","5.9423","5.9497","5.9563","5.9348","-0.12%"
"Apr 30, 2014","5.9493","6.0082","6.0148","5.9373","-1.01%"
"Apr 29, 2014","6.0100","6.0030","6.0194","5.9774","0.10%"
"Apr 28, 2014","6.0040","6.0157","6.0222","5.9920","-0.26%"
"Apr 25, 2014","6.0199","6.0018","6.0270","5.9790","0.33%"
"Apr 24, 2014","6.0003","5.9965","6.0099","5.9786","0.08%"
"Apr 23, 2014","5.9953","5.9888","6.0083","5.9711","0.08%"
"Apr 22, 2014","5.9905","5.9990","6.0015","5.9684","-0.13%"
"Apr 21, 2014","5.9985","5.9912","6.0117","5.9675","0.13%"
"Apr 18, 2014","5.9905","5.9865","5.9919","5.9782","0.09%"
"Apr 17, 2014","5.9854","5.9704","5.9940","5.9604","0.23%"
"Apr 16, 2014","5.9718","5.9524","5.9815","5.9395","0.30%"
"Apr 15, 2014","5.9542","5.9651","5.9745","5.9475","-0.18%"
"Apr 14, 2014","5.9647","5.9405","5.9755","5.9402","0.52%"
"Apr 11, 2014","5.9338","5.9290","5.9607","5.9176","0.08%"
"Apr 10, 2014","5.9289","5.9367","5.9583","5.9091","-0.13%"
"Apr 09, 2014","5.9364","5.9742","5.9779","5.9287","-0.66%"
"Apr 08, 2014","5.9756","5.9928","5.9975","5.9634","-0.27%"
"Apr 07, 2014","5.9918","5.9959","6.0138","5.9874","-0.14%"
"Apr 04, 2014","6.0005","6.0024","6.0195","5.9745","-0.02%"
"Apr 03, 2014","6.0019","5.9700","6.0155","5.9663","0.52%"
"Apr 02, 2014","5.9710","5.9844","5.9894","5.9488","-0.21%"
"Apr 01, 2014","5.9833","5.9899","5.9969","5.9572","-0.09%"
"Mar 31, 2014","5.9887","6.0005","6.0171","5.9759","-0.31%"
"Mar 28, 2014","6.0071","6.0025","6.0284","5.9848","0.10%"
"Mar 27, 2014","6.0013","6.0537","6.0739","5.9873","-0.84%"
"Mar 26, 2014","6.0519","6.0302","6.0554","6.0228","0.41%"
"Mar 25, 2014","6.0273","6.0165","6.0578","6.0102","0.18%"
"Mar 24, 2014","6.0165","6.0531","6.0717","5.9981","-0.57%"
"Mar 21, 2014","6.0507","6.0660","6.0886","6.0471","-0.25%"
"Mar 20, 2014","6.0660","6.0374","6.0891","6.0293","0.50%"
"Mar 19, 2014","6.0356","5.9543","6.0491","5.9490","1.35%"
"Mar 18, 2014","5.9553","5.9502","5.9827","5.9436","0.06%"
"Mar 17, 2014","5.9516","5.9728","5.9857","5.9269","-0.36%"
"Mar 14, 2014","5.9730","5.9687","5.9918","5.9519","0.03%"
"Mar 13, 2014","5.9715","5.9497","5.9832","5.9103","0.34%"
"Mar 12, 2014","5.9510","5.9596","5.9880","5.9416","-0.14%"
"Mar 11, 2014","5.9596","5.9544","5.9685","5.9416","0.08%"
"Mar 10, 2014","5.9549","5.9852","5.9911","5.9519","-0.55%"
"Mar 07, 2014","5.9878","5.9806","5.9999","5.9551","0.13%"
"Mar 06, 2014","5.9800","5.9937","6.0030","5.9650","-0.24%"
"Mar 05, 2014","5.9944","6.0110","6.0253","5.9850","-0.27%"
"Mar 04, 2014","6.0106","6.0466","6.0601","5.9893","-0.60%"
"Mar 03, 2014","6.0471","6.0090","6.0550","6.0004","0.72%"
"Feb 28, 2014","6.0036","6.0373","6.0473","5.9805","-0.57%"
"Feb 27, 2014","6.0378","6.0544","6.0700","6.0333","-0.28%"
"Feb 26, 2014","6.0550","6.0390","6.0719","6.0325","0.28%"
"Feb 25, 2014","6.0380","6.0336","6.0495","6.0092","0.06%"
"Feb 24, 2014","6.0341","6.0724","6.0800","6.0217","-0.72%"
"Feb 21, 2014","6.0778","6.0973","6.1194","6.0665","-0.30%"
"Feb 20, 2014","6.0958","6.0767","6.1215","6.0615","0.30%"
"Feb 19, 2014","6.0773","6.0401","6.0809","6.0296","0.63%"
"Feb 18, 2014","6.0394","6.0800","6.0874","6.0360","-0.66%"
"Feb 17, 2014","6.0796","6.0770","6.0881","6.0668","0.03%"
"Feb 14, 2014","6.0780","6.1045","6.1115","6.0729","-0.45%"
"Feb 13, 2014","6.1052","6.1156","6.1207","6.0875","-0.17%"
"Feb 12, 2014","6.1156","6.1274","6.1565","6.1057","-0.18%"
"Feb 11, 2014","6.1266","6.1283","6.1438","6.1068","-0.04%"
"Feb 10, 2014","6.1288","6.1754","6.1909","6.1206","-0.76%"
"Feb 07, 2014","6.1760","6.2159","6.2341","6.1692","-0.64%"
"Feb 06, 2014","6.2157","6.2317","6.2485","6.1906","-0.25%"
"Feb 05, 2014","6.2313","6.2837","6.2981","6.2245","-0.83%"
"Feb 04, 2014","6.2833","6.2845","6.3147","6.2718","-0.05%"
"Feb 03, 2014","6.2863","6.2767","6.2996","6.2513","0.10%"
"Jan 31, 2014","6.2802","6.2534","6.3058","6.2420","0.46%"
"Jan 30, 2014","6.2514","6.1648","6.2555","6.1584","1.39%"
"Jan 29, 2014","6.1659","6.1238","6.2177","6.1165","0.65%"
"Jan 28, 2014","6.1258","6.1493","6.1665","6.1235","-0.37%"
"Jan 27, 2014","6.1483","6.1352","6.1929","6.1255","0.08%"
"Jan 24, 2014","6.1433","6.0915","6.1615","6.0864","0.88%"
"Jan 23, 2014","6.0895","6.1639","6.1740","6.0841","-1.22%"
"Jan 22, 2014","6.1649","6.1701","6.1907","6.1514","-0.07%"
"Jan 21, 2014","6.1695","6.1751","6.2017","6.1592","-0.11%"
"Jan 20, 2014","6.1760","6.1608","6.1940","6.1577","0.34%"
"Jan 17, 2014","6.1550","6.1799","6.2010","6.1510","-0.40%"
"Jan 16, 2014","6.1799","6.1436","6.2036","6.1196","0.70%"
"Jan 15, 2014","6.1369","6.0827","6.1448","6.0777","0.89%"
"Jan 14, 2014","6.0830","6.1154","6.1387","6.0778","-0.56%"
"Jan 13, 2014","6.1170","6.1452","6.1563","6.1105","-0.44%"
"Jan 10, 2014","6.1441","6.1777","6.1986","6.1432","-0.53%"
"Jan 09, 2014","6.1767","6.2022","6.2139","6.1687","-0.42%"
"Jan 08, 2014","6.2025","6.1687","6.2206","6.1565","0.52%"
"Jan 07, 2014","6.1707","6.1700","6.1876","6.1431","0.01%"
"Jan 06, 2014","6.1700","6.1545","6.1893","6.1463","0.34%"
"Jan 03, 2014","6.1489","6.1683","6.1796","6.1174","-0.29%"
"Jan 02, 2014","6.1668","6.0675","6.1745","6.0640","1.61%"
"Jan 01, 2014","6.0690","6.0680","6.0741","6.0648","0.01%"
"Dec 31, 2013","6.0683","6.0728","6.0958","6.0602","-0.00%"
"Dec 30, 2013","6.0685","6.1487","6.1562","6.0630","-1.27%"
"Dec 27, 2013","6.1466","6.1460","6.1566","6.0854","0.08%"
"Dec 26, 2013","6.1415","6.1468","6.1689","6.1343","-0.10%"
"Dec 25, 2013","6.1475","6.1575","6.1575","6.1286","-0.19%"
"Dec 24, 2013","6.1595","6.1565","6.1840","6.1431","0.07%"
"Dec 23, 2013","6.1550","6.1676","6.1757","6.1248","-0.12%"
"Dec 20, 2013","6.1627","6.1516","6.1813","6.1413","0.19%"
"Dec 19, 2013","6.1513","6.1407","6.1731","6.1075","0.17%"
"Dec 18, 2013","6.1406","6.1135","6.1506","6.0814","0.47%"
"Dec 17, 2013","6.1120","6.1484","6.1635","6.1059","-0.59%"
"Dec 16, 2013","6.1484","6.1856","6.1991","6.1178","-0.51%"
"Dec 13, 2013","6.1799","6.1975","6.2156","6.1744","-0.25%"
"Dec 12, 2013","6.1955","6.1345","6.2170","6.1268","1.00%"
"Dec 11, 2013","6.1341","6.1102","6.1349","6.1006","0.37%"
"Dec 10, 2013","6.1115","6.1368","6.1445","6.0922","-0.46%"
"Dec 09, 2013","6.1395","6.1476","6.1608","6.1329","-0.19%"
"Dec 06, 2013","6.1509","6.1543","6.1975","6.1444","-0.06%"
"Dec 05, 2013","6.1549","6.1547","6.2087","6.1269","0.00%"
"Dec 04, 2013","6.1547","6.0965","6.1682","6.0915","0.93%"
"Dec 03, 2013","6.0978","6.1213","6.1331","6.0859","-0.36%"
"Dec 02, 2013","6.1198","6.1271","6.1630","6.0932","-0.15%"
"Nov 29, 2013","6.1292","6.0897","6.1409","6.0840","0.67%"
"Nov 28, 2013","6.0886","6.1085","6.1145","6.0844","-0.30%"
"Nov 27, 2013","6.1070","6.0926","6.1142","6.0598","0.21%"
"Nov 26, 2013","6.0941","6.1034","6.1346","6.0839","-0.18%"
"Nov 25, 2013","6.1048","6.0620","6.1424","6.0585","0.66%"
"Nov 22, 2013","6.0649","6.0939","6.1070","6.0562","-0.44%"
"Nov 21, 2013","6.0915","6.1114","6.1421","6.0846","-0.41%"
"Nov 20, 2013","6.1166","6.0891","6.1338","6.0685","0.44%"
"Nov 19, 2013","6.0898","6.1261","6.1365","6.0710","-0.56%"
"Nov 18, 2013","6.1244","6.1077","6.1280","6.1022","0.28%"
"Nov 15, 2013","6.1075","6.1550","6.1695","6.1029","-0.77%"
"Nov 14, 2013","6.1550","6.1672","6.2132","6.1514","-0.19%"
"Nov 13, 2013","6.1666","6.1950","6.2226","6.1612","-0.42%"
"Nov 12, 2013","6.1925","6.1476","6.2243","6.1435","0.76%"
"Nov 11, 2013","6.1457","6.1710","6.1787","6.1202","0.16%"
"Nov 08, 2013","6.1357","6.0470","6.1838","6.0399","1.49%"
"Nov 07, 2013","6.0455","5.9543","6.0629","5.9503","1.53%"
"Nov 06, 2013","5.9545","5.9903","5.9917","5.9471","-0.59%"
"Nov 05, 2013","5.9899","5.9492","5.9965","5.9426","0.68%"
"Nov 04, 2013","5.9494","5.9682","5.9855","5.9340","-0.41%"
"Nov 01, 2013","5.9738","5.9426","5.9772","5.9315","0.53%"